Position,Job Title,Company,Salary,Job link,Job Profile,City,State
1,Data Scientist,Robert Half,0.0,https://www.indeed.com/pagead/clk?mo=r&ad=-6NYlbfkN0CpzDdaQkua3np5pkmj49lKioZwmwxQ-yx5plwbYmV_M5ua1VBbglK-9_7yLoyXUJJSmXPxlCqD6E6A1vF0-U4SLLxmdIT_rM_QyyVT4Dr2cMj3scCRceMimf5HDr1-yCJRUY7nfirJcxVoiW1anhsgu7hkTD_SsGOZUD4U13-GI2_Rvz7KtwkFQY29DUZD32DctTEWCyssI4thfZF6_wknUxvbEfLsPZtut3KdkteOXcFAAA4byCiViRFcGwvrJD435RFPbLF-WMfGXaDKwWhGaFo-NFCNbmesizlPR52Sgogxu9RxbIWF2e-0YupLj5crZtM7U555ZefIPfRQB6Zjwcrn6YenvAbMP-xjgvHfqOUztlHYuWqUhHcpzW3BheR-mHKxE_kVX42cVvNr2KnJQZ9RvUw-M-3fyCOl2IHa0ReOjA3Fzdy7NM83jJdksRf7JWORDgG8WSq_GPQuCZT6-xtBMKi5EzofsF2TPsIew2fpfc7omLYORlCiYMho151Hhc1O2tSQK58fEdDgW3vFWkZ17MlD0_WzAAffDmnH9WRr_Z06LmFZOTOpH4eVq0L75vERBzSLgSORhangQ0HFxxsRRfSCUfADcELvTHdaqe7KdZy_IBqNF8VAhfc7gOaxDPVghKSLNEpvCrHz9_gQ9xdcKgQqRPuIgNyj-WneH7iMvVqc85-hDFn8WFM9t9vXpG0J7Wgdrd9CwGdces117GtJGYCmVWxi0k2dvdl2MA==&xkcb=SoBI6_M39QgEpPw2050LbzkdCdPP&camk=nUmJqO2E8riCTYWaePDGtA==&p=0&fvj=0&vjs=3,Data Scientist,Remote in Los Angeles,CA
2,Senior Artificial Intelligence Researcher for Scientific Discovery,Johns Hopkins Applied Physics Laboratory (APL),70000.0,https://www.indeed.com/pagead/clk?mo=r&ad=-6NYlbfkN0DND_cY4AdZ9uf0CyzxvdaEIkE64BMiSLR1NLUGRAKCdb0EIWzKl7iUQ7clxobffV8AMZ62Ymh-_C2HUqiuA1z6myShC5DIJ5VsnHThadPbuh4AG4hVMNOzx_khLkuWAD6QoIAM2AS3LomiGorU6csZPziEDzv4COG_QEgP2we6m9wO9gbuod-KvfegIbwOTrlNg524M8W2SDD-V4f7FkUEVCTTzzz75Y1JgM2Pji9bfA1DA_aBb8rFMP5wVdiTKa8uFXUPBpHbMTmkH9NRuyM9WItDW5pnbX1QexqiAKdi41AXsTsp0TNEfDLFwzRVAiG6MTHEYu6NfDtfPHUxV24t562STgjfQcWWmY3jtH3c03mkpeKMz1sgzLO0-jyw31X8rZM2ZJUlYf95D3Z5XZi1jFnZy-pn9y_xfvVvAlEoLJ6ZPqncX2c08RYaLd56W-9C_FpxaSij94TXuPYSC00ha265TanlIKxKbZxLUAPw6PGdrqQ5C-s_4vv-Deg1KXPym_jVmH8hZ1PHzyXyO7o-KhT4F3WxcyVGPG01CI_z-6BfEat09uouGDwYfp7HUlhdPoSP-EpzVR_xYKXPYQTUoKMWG8VLBY10rc-BbXpEXdY8QX5LXl0c7Q5Ds8muDkjSaxM38zTKPw==&xkcb=SoD86_M39QgEpPw2050KbzkdCdPP&camk=H-lBaXMUocJHgoO6EZRaIg==&p=1&fvj=0&vjs=3,Data Scientist,Laurel,MD
3,Senior Data Scientist,"Modern Technology Solutions, Inc.",70000.0,https://www.indeed.com/pagead/clk?mo=r&ad=-6NYlbfkN0C26OT7h5zXl7z1yVTYwN1d43osiYS9hmGqw_eY7i5KF4BfiQkczdjRxOGPN-vMk8vHzYMMvJ-Dlz2C4GI9B-NtRDuDW9fB87kzUB6vjcphEz8R6YzDooRN5Xz74Qd9NeZg4l074TDFi2cqXkjnxtaJe9CgmzLE10vHMVQz6EUNOhX1pBH53ZNvFX5dErC36Z6tui4f4gm8aqZg8pbjUjKvtWXmvZiDL7nn8h85sJvl-D3M2hk6AexWyFm94yY56buLW6IrMIgEXVPOeCh9IZlr7lA45Vvx3YC63oiMWJ6123J92PZX_MKIJTz8DmVM40LraZTsTixIIevat3JRCa4x1PzAQ17y8ya15b6oUTmC_0ILnt8SvHfkRtALI3nQdaB16kantHBRlIjBTQRESWPWsYl454kQodHipHzuDiwvqgXx540JLoPo00AFGMStdDbVRhlKUucIELN5aacKttde8mRI5aGG7D18IXnYDrhJ0u2Zbk7RzmD7ZVn4S4C2u_bt8IGZHvnpG8af3cD_err5VY3qh63KMwBtmNrCPUKSd0_945UH7bg_U-sdVTlQXvqzliCU-ZRHoQnHFBzSpsKftamlACXW0R-P4USzigZi4kKas98CQQ-Wjnibfmdh2fnr1Wr76ndS-7BOnIharz8L_qII8Mg0a2qCMdWYXnIIf8qEmvZjwW6tl9qfVyu1yJeJMdPwX49LctcX-aQD77gORIeI8fjWABsS4F7HEn-fBIcrNsSR2vn2vUMP5WmjuChSIoBE01uCNS4UBEUGrV48mEuRznopPKcr1qOSUyLFeb48nj3QXuILw_1IP6BO6jHhxYQDN4dQDw==&xkcb=SoBh6_M39QgEpPw2050JbzkdCdPP&camk=H-lBaXMUocK-CM8rzi8HLA==&p=2&fvj=0&vjs=3,Data Scientist,Huntsville,AL
4,Data Scientist,"Twitch Interactive, Inc.",70000.0,https://www.indeed.com/rc/clk?jk=4593a41913786e5b&bb=XXPpoFVwJuShmV2H6BQMP-bTQ1qd-BI0nElsZwxMuDk25wPMbmKO13ISCAZBIMK16sGR-7kxWbfyedHq-ZT1sAIW5ooBQcQni0uOpWwf6BAZQ2e4amGEHA%3D%3D&xkcb=SoAh67M39QgEpPw2050IbzkdCdPP&fccid=fe2d21eef233e94a&vjs=3,Data Scientist,Seattle,WA
5,Data Scientist,US Office of Personnel Management,103000.0,https://www.indeed.com/rc/clk?jk=d393197b7bc4231b&bb=XXPpoFVwJuShmV2H6BQMP-uq8Nz4mvMqVPN0rmz0YzIMcCwbbaaN9W13kdQuD2QJpzEk4uaauIVDmEP6Y_1HVwilhqAK2DdCAND2BsJEI1wv7SVrZ5G4Mg%3D%3D&xkcb=SoCv67M39QgEpPw2050PbzkdCdPP&fccid=e1b4a09f7fb328bb&vjs=3,Data Scientist,,
6,Data Scientist,MagicSchool AI,70000.0,https://www.indeed.com/rc/clk?jk=258a205f5e303b88&bb=XXPpoFVwJuShmV2H6BQMPygLxuU5KGZh0FBoJsrSM1_cVddLssJleCEQNj6bnGC5yQ-lZ0ZXTLfOfgxV9iNEBYYVbqYzLYyvRj1-bacmdxJFMwcF4ja6ZPsDvTiGFFb6&xkcb=SoAb67M39QgEpPw2050ObzkdCdPP&fccid=1f69207e04c940cd&vjs=3,Data Scientist,,
7,Business Data Scientist/Engineer,Apple,70000.0,https://www.indeed.com/rc/clk?jk=563bac05a887887b&bb=XXPpoFVwJuShmV2H6BQMPzIYPw3C7zqWGV31H1oL_9dVvZn04f6Ld1lMRgmrdtrkpyMPKa6s5Dc3lkslj9m41Y7d_qchwvIDFmG3hKIvjW-UC2W51H_m3g%3D%3D&xkcb=SoCG67M39QgEpPw2050NbzkdCdPP&fccid=c1099851e9794854&vjs=3,Data Scientist,Austin,TX
8,Data Scientist I,GM Financial,70000.0,https://www.indeed.com/rc/clk?jk=85b9540e6b08e161&bb=XXPpoFVwJuShmV2H6BQMP2VDuxuxDp2czo--I-09iA5aY0HzA6_5TzrZp0EKvf1BVTHp5vFVGU89tTHdhBY_yDkyRD4PCRWlTn1-rBRcNfyUiP5IHgf-5g1RJXlJiPW7&xkcb=SoAy67M39QgEpPw2050MbzkdCdPP&fccid=b6e80abbe732699d&vjs=3,Data Scientist,Hybrid work in Fort Worth,TX
9,Data Scientist,Ropes & Gray LLP,0.0,https://www.indeed.com/rc/clk?jk=fec3590ced9d694d&bb=XXPpoFVwJuShmV2H6BQMP-Urk2lyQ4SmwRConBH8JCy1eOaPJndO050YxzIMtFjIatevp1Gukcnr9mqLMhqRAjg47Ycz0pFu8dDat2oyzINK4AxtwtbGVbGqQT-bu9bU&xkcb=SoDb67M39QgEpPw2050DbzkdCdPP&fccid=98eb0c45006b3266&vjs=3,Data Scientist,Hybrid work in Boston,MA
10,Associate Data Scientist,UPMC,70000.0,https://www.indeed.com/rc/clk?jk=f5de21340edf241a&bb=XXPpoFVwJuShmV2H6BQMPz8ycSv7CS95CNYFsh-467xvPzsy2eUSaMl4bI_fBUauZLTBg-qv184NcfYz8hljlF5Sgw8zNqqrHeMH6dgJmtyx5lnk7t4Mow%3D%3D&xkcb=SoBv67M39QgEpPw2050CbzkdCdPP&fccid=b75dda97eecc3e82&vjs=3,Data Scientist,Pittsburgh,PA
11,Data Scientist,Long Beach City College,106000.0,https://www.indeed.com/rc/clk?jk=d8685d06c869999f&bb=XXPpoFVwJuShmV2H6BQMP_wPwxNggtgrEkMQYtxOYMqMlhSY71KvtWaB7E_SFanTmnPmZtRzYb89WJlO-8UjU-o6LqOVJXANhUpxSxHsPIS8BG3kcMnzJWWEEhVwxNu0&xkcb=SoDy67M39QgEpPw2050BbzkdCdPP&fccid=df74e677a6aface9&vjs=3,Data Scientist,Long Beach,CA
12,Data Scientist,National Space Defense Center (NSDC),89000.0,https://www.indeed.com/rc/clk?jk=c93a5b5e6a21fa97&bb=XXPpoFVwJuShmV2H6BQMPz5ScxDu-faGg8nNJ-vB9eDHj98gf9L9jPSBLMzD8IJmeHKVtdbsFZdUIPEVjYjrhA6QGSCv5oOutB3k8CZlz3X9YX9HpgY3Us8RJWiizABD&xkcb=SoBG67M39QgEpPw2050AbzkdCdPP&fccid=1529cdb154c83f90&cmp=United-States-Space-Command&ti=Data+Scientist&vjs=3,Data Scientist,Colorado Springs,CO
13,Systems Engineer,Patelco Credit Union,0.0,https://www.indeed.com/pagead/clk?mo=r&ad=-6NYlbfkN0D-xS4Sy9TnlfI1cdM-zzNdsPoAc9-QPgCXFDA_qNolh9U_S-vityo1zhZnlZlIgycQc5qVi7e5Dtov-NblEkLBi6PvshJRHbB2av0Jmr2gL8j-sIWfNh2cdvBN0WmwKuY8XGODNJ7p7dO0G8E_wxf-wqC1umdzKl8IWqDManmavnmKpM_ZiL-oZ2Z2Op22rc4OyBps5X5QGo-0U48mZ0hbzJMIWb2tmqDgrLmkwipTCp2WW2K12tkg_HMl0NEACjbjC6uzCE-80_6P9zi0JxUxetKA4oAGZoPbyH91ao6W6Ur5vHHbc1Enb1Fvp89tk9mELfZrqrEtljIJD1VfrdinIUBK6gLan75yGdzlJAcdWVqfhvJSzLRKxMy8OBNXp1JykHj7GILBB-37LuUni7QaNJQDKAyC_IoxzVbuKax0T7SjfkDxhTmVZEeVZYbTogI02dggSykND1-EQBl2opmp35pSrwkIQEnwx8HBU5ILAsFwzmfLgxj5gVvA6gSAk5cE-6LzI8w53kIiqBJQ1FfyuiK--tA7YNLYNKkajuAXi1U93biWF_S6QV-owt5HI_keMzLGivSv-fT46DseXBzvr7kzkgufdpgT1oDo3fNYPESXvDTXIjCQmaksFahRMpwQx3UKWsRFsLxa8XbN0Mr-eZJpysxJrc14ApwySCXUCvrK66memufnQwNWcrhA8aCV2DNOk-Rn0OGCE-JNvB-WNJSLoZsFRnq766KAYaOPfhdmGCSGf4MepF7boX9AXRXK90MeZeago3_dz2fg-D6lpb_S04NKpH6RD3OG-vcF1zHGS0KNgnBe17N4NZEdgJ_Hae7bSNiPo7c8sIgsLIeCuS1KDQb2lpsMWpSEoakS-V-OLjr7swjowLwRG2DFSW0sMCvTOKtnLX60zpbRUfFe9RAIciHLbkH3cx7rDUgt6YBMG2f5SEagbvdmIcKHRRAp_2_Ah02qLHrjMAPCkM7iMfD8nW04y3rPAX5cz95-NXmUwR4CF914Ch6gKE2JKcBCN2KIFrYEMQ==&xkcb=SoA86_M39QgEpPw2050HbzkdCdPP&camk=YU1lDJX-4XElP3ky6-9PIA==&p=12&fvj=0&vjs=3,Data Engineer,Dublin,CA
14,Senior Data Scientist,Amazee Global Ventures Inc,70000.0,https://www.indeed.com/rc/clk?jk=1d185434ecff33f2&bb=XXPpoFVwJuShmV2H6BQMPwH3XF1qN_x_TyonUI9n6D9pR1yF5jzULE0lDly0JUzULmZrwzNxBgZn0QbgGskItZLR-TjAsQWsgGpKeEwNIBTI8xjPxqOsfjZ_dIyzqF93&xkcb=SoB867M39QgEpPw2050GbzkdCdPP&fccid=054e81f1e5e894b9&cmp=Amazee-Global-Ventures&ti=Senior+Data+Scientist&vjs=3,Data Scientist,Dallas,TX
15,"Scientist, Data Science Analytics & Insights",Johnson & Johnson,70000.0,https://www.indeed.com/rc/clk?jk=e1714afb1b42bfbc&bb=XXPpoFVwJuShmV2H6BQMP9LJxrE5xjdn1QWExCkQ1JvnaC2j5COwtRkvmxcXCyhed_plPRuTb-Nuxb4YsqJctOxDlHLmxSIsczfmrI4vkmruwuVDLs07g1UGFlOtOpSr&xkcb=SoDh67M39QgEpPw2050FbzkdCdPP&fccid=0bed8e17bc113980&vjs=3,Data Scientist,Titusville,NJ
16,DATA SCIENTIST,TriHealth,70000.0,https://www.indeed.com/rc/clk?jk=ba77d2dbf2ce3af1&bb=sxOnV6pfw48jKWs4G3DltQNCRYyauek-pXTJPprXhAKKJHb9iWNfZg3EobAIk4lWDPoDxgkj3YaoJvDlqDfbUCl4YqzwxfWN-Y0RDhxLoDViiK7WCZRAo34DPWRNXFQy&xkcb=SoDy67M39QgD5lw36J0LbzkdCdPP&fccid=ad532ca170730fd4&vjs=3,Data Scientist,Cincinnati,OH
17,Data Scientist,Northwestern Medicine,70000.0,https://www.indeed.com/rc/clk?jk=8cb757bd03153632&bb=sxOnV6pfw48jKWs4G3DltX4IOzq7zGdxYKP6uaIu15kKVUs8v1KOy4Pn_TalaIMrBhSSPdchlg6ODVADRemnMkAZXsVQucHNpcYWzENRn_F24i4-ZLf6EbMaw1rFPZH5&xkcb=SoBG67M39QgD5lw36J0KbzkdCdPP&fccid=388ffa8e9601f976&vjs=3,Data Scientist,Chicago,IL
18,Data Scientist,Johnson & Johnson,70000.0,https://www.indeed.com/rc/clk?jk=baaa822d0fc6f3d4&bb=sxOnV6pfw48jKWs4G3DltbYdiV2RxdBD_wVVMIP5V4YK6DPAxav7mFyBoCNw3Nc3I_IZyCZMiUkHOLaXbb4U_WWJ-5xFQ4q3RSRf8DHNjmHVyS-D56GKhU2PF9RcJxHo&xkcb=SoDb67M39QgD5lw36J0JbzkdCdPP&fccid=0bed8e17bc113980&vjs=3,Data Scientist,Titusville,NJ
19,Data Scientist (contract),JnJ,70000.0,https://www.indeed.com/rc/clk?jk=98ba48d52b95be58&bb=sxOnV6pfw48jKWs4G3DltStSdpqO3LKAkTu5e11VuXxu8PusLLf5CuZA3yHATlWAWEpboHYpw4YXgaX8q28fDT_uWN17fCG8CiTtn4kP63yQJBllf11v_JSRUFhodSnJ&xkcb=SoBv67M39QgD5lw36J0IbzkdCdPP&fccid=0bed8e17bc113980&vjs=3,Data Scientist,Raritan,NJ
20,Data Scientist I,Kandu Health,70000.0,https://www.indeed.com/rc/clk?jk=795023c034e63796&bb=sxOnV6pfw48jKWs4G3Dltc2i6_HO4rXhygnuMDjqx3n1IlsUwA49RCxn0mCSqj3PeuINW9KQHS4Yk_iV-GFAfjJG02p2rd-NfuE3qZRIGUYmEgStWcmAl7L5bHMC6E5S&xkcb=SoDh67M39QgD5lw36J0PbzkdCdPP&fccid=dd616958bd9ddc12&vjs=3,Data Scientist,Hybrid work in Campbell,CA
21,Data Scientist- Load Forecasting,Xcel Energy,0.0,https://www.indeed.com/rc/clk?jk=1fd06b5568c4e627&bb=sxOnV6pfw48jKWs4G3DltfxxHTwA_jRswOkKUGZ-qR3riav1UAtPPznUEhF_KGDaZJgE0DoufcuOMMeVgYERRPMxzwPHrvdwRWq28BrulQ2Q4grm69bFEQ%3D%3D&xkcb=SoBV67M39QgD5lw36J0ObzkdCdPP&fccid=0b3490f8005058ec&vjs=3,Data Scientist,Denver,CO
22,Clinical Data Scientist,IQVIA,70000.0,https://www.indeed.com/rc/clk?jk=e45e0ec028e3dbb7&bb=sxOnV6pfw48jKWs4G3DltV8qbZ2BcKQiNhYLwHW99SI4wE6IgbLKZIeZo3l2Lc3sfjno6Eqaggn-_Txu7ffGDH_Sdjg92OV8Eo63yTEfryNwoW8odBBxgI2_-PtRlIfI&xkcb=SoDI67M39QgD5lw36J0NbzkdCdPP&fccid=6b7a1dfe07e7f037&vjs=3,Data Scientist,,
23,Data Scientist,Cognizant,0.0,https://www.indeed.com/rc/clk?jk=7f6039ca6056e06f&bb=sxOnV6pfw48jKWs4G3DlteKoMmTLZaHd2eaEYz2Va2Tk1aCgGoOnvgwNsloADyEFTiixVnIx-2TGpMmmBuF8mvxWUMa7p6QQgiE24oVY6szGh0QB6QDGCV705X_7kMa4&xkcb=SoB867M39QgD5lw36J0MbzkdCdPP&fccid=2df6a1e69a70a1e7&vjs=3,Data Scientist,,
24,Data Scientist,Adobe,107000.0,https://www.indeed.com/rc/clk?jk=de30cfd486351197&bb=sxOnV6pfw48jKWs4G3DltbY2B2v8_xDN5zuyHXE6edHbpXQjRFRsvFiCKnwTzgF5WtmFxarnlt8RWM1xBb0hABKs4pj4LqVDRNK8sFbWI61XRmbCa4FJGw%3D%3D&xkcb=SoCV67M39QgD5lw36J0DbzkdCdPP&fccid=f89deb5a97c7738a&vjs=3,Data Scientist,Seattle,WA
25,Lead Data Scientist,Amazee Global Ventures Inc,70000.0,https://www.indeed.com/rc/clk?jk=42b1e50a43ad32a8&bb=sxOnV6pfw48jKWs4G3DlteaE7Kde2jBJ1zFpFKk4MYgRQZ9cQRADgQvEXggA-zddXRt0cN6GJ299IrRT996igCHa_JZucCCg4yN3fhC20d_AvrsENWltLJ4LbP5CdMWY&xkcb=SoAh67M39QgD5lw36J0CbzkdCdPP&fccid=054e81f1e5e894b9&cmp=Amazee-Global-Ventures&ti=Lead+Data+Scientist&vjs=3,Data Scientist,Atlanta,GA
26,Associate Data Scientist,The Standard,70000.0,https://www.indeed.com/rc/clk?jk=0ac4e7a84594b55e&bb=sxOnV6pfw48jKWs4G3DltU3LrPk30zMFL6N6Cd7K23W2Q-G9Nz4Xe0iQbU6A60UphXbkbkvS8JPBG-gBJLLtefChYts3ba8wr9lQGoTsuHBu1GWEYhU_r4uxBmREyblu&xkcb=SoC867M39QgD5lw36J0BbzkdCdPP&fccid=987bded2d477dc2b&vjs=3,Data Scientist,Remote in Portland,OR
27,Data Scientist,General Motors,70000.0,https://www.indeed.com/rc/clk?jk=760ca80f13aa2b7a&bb=sxOnV6pfw48jKWs4G3DltR-xRjrogK7EA_n9ZkLCVZrGLgg_YScEkPW5fDKzcbRD8fNU-djzYlRDpzK0a1AxYXBPOY_JNMsyQWvkRiCJy5ZHBxflg37Yyg%3D%3D&xkcb=SoAI67M39QgD5lw36J0AbzkdCdPP&fccid=116680a29a847a70&vjs=3,Data Scientist,Warren,MI
28,Sr Data Scientist,HCSC,88000.0,https://www.indeed.com/rc/clk?jk=6a49398e0a744901&bb=sxOnV6pfw48jKWs4G3DltQIB60x93aWoN_4M2lrgrLOR8pqKLVaecxfpd-lkx53WmsVY1J_hPny17CBnRGjtxmWUQ7ob_rtGcVoL05l_DcT1IkNnXdu_OQ%3D%3D&xkcb=SoCG67M39QgD5lw36J0HbzkdCdPP&fccid=f0982fe98d8ebba0&vjs=3,Data Scientist,Hybrid work in Chicago,IL
29,"Associate Data Scientist, RWE Clinical Trials Remote",WALGREENS,70000.0,https://www.indeed.com/rc/clk?jk=0535c1945f4f3dc7&bb=sxOnV6pfw48jKWs4G3DltSyhUYWtjTQN5_vxBJggvcOm2gWsI4ub_9WAmsKwgELrYEEDm5_G-z_QUVeDdFW04ROeLE9XkvAr36AWgUPS6tVRjby9wK77sA%3D%3D&xkcb=SoAy67M39QgD5lw36J0GbzkdCdPP&fccid=fefd75f5326e1589&vjs=3,Data Scientist,Remote in Deerfield,IL
30,Data Scientist,Magna International Inc.,70000.0,https://www.indeed.com/rc/clk?jk=56856db72f096be6&bb=sxOnV6pfw48jKWs4G3DltVHXP9Fn_n-hkY7_FGKEc-J84-pWCuMUSHvd1U2FSOMMnoEmlS-jgiRGogPNM8fJQ1Yfl7EgCXZOOxLwKHdunvXYr3xokN_uk-lmRNtaGGsi&xkcb=SoCv67M39QgD5lw36J0FbzkdCdPP&fccid=254ad00cf333484f&vjs=3,Data Scientist,Troy,MI
31,Data Scientist,IT Consulting Services,70000.0,https://www.indeed.com/rc/clk?jk=6b3a737907d0d935&bb=Ta2QNd0XKIzG4SAT2jzt0XLkMnUBrZY3erBj7z0DIX5g6h-5u23_iHuwuSwRXv_Vy5ShLgCk8Z-PZd60lwVO8vTx3X1MOfSdH7raRTKUZ898q9S4EzRX2Yz_48-Gw-VF&xkcb=SoA367M39QgDA8yRTx0LbzkdCdPP&fccid=bb0f3a7bae7542f8&vjs=3,Data Scientist,,
32,Senior Data Scientist,The J. M. Smucker Company,70000.0,https://www.indeed.com/rc/clk?jk=4a678c8482f876d0&bb=Ta2QNd0XKIzG4SAT2jzt0UA1PFppLLvqNyY3YOJgyrA0bWnRknuOStURWtNJTclIUi_EpuBFZiQ-2DIKKi0TLaWA1WCVeWgaz6di8PLQ8QHmSY10YFEqlw%3D%3D&xkcb=SoCD67M39QgDA8yRTx0KbzkdCdPP&fccid=a21694cd29ba9002&vjs=3,Data Scientist,,
33,Data Scientist - P3,Boston Scientific Corporation,70000.0,https://www.indeed.com/rc/clk?jk=cfc70407998f556c&bb=Ta2QNd0XKIzG4SAT2jzt0SlqnLtqNet1rAylI1BanOFxhdZwW82T1H0W1XXjuCFLe2PC-dDXy-3ow--a8HzpcYjSOAMRuRSHk55C-rdGvuKGBCIRVc7xeA%3D%3D&xkcb=SoAe67M39QgDA8yRTx0JbzkdCdPP&fccid=d13187a50c252e33&vjs=3,Data Scientist,Hybrid work in Marlborough,MA
34,Data Scientist,Stanford University,70000.0,https://www.indeed.com/rc/clk?jk=0559c5621f19d231&bb=Ta2QNd0XKIzG4SAT2jzt0ZcuAbssyKXp_3d6KsFWk5R1Ep2C5PrzNgSouSbwAVgjNjpaMLVXkhY1Fr63K-WkGYfGSCAhwAVK4FQ1h531YaGBpo9FspFCvg%3D%3D&xkcb=SoCq67M39QgDA8yRTx0IbzkdCdPP&fccid=1ba7f338730ce720&vjs=3,Data Scientist,Remote in Stanford,CA
35,Data Scientist - Remote India,LeewayHertz,70000.0,https://www.indeed.com/rc/clk?jk=6d4080ae02023d87&bb=Ta2QNd0XKIzG4SAT2jzt0ZKHo8vyh8atdGZ1dKAmUexNLU2o3kQxxklk28XqcAyKZJsPTD2kwoVMyzhQ1Hqz6SW_JvRBL6nzrpjoO59atzimG65tWErNQERxGn2_TPFS&xkcb=SoAk67M39QgDA8yRTx0PbzkdCdPP&fccid=67c1c701fe4bb3db&vjs=3,Data Scientist,Remote in San Francisco,CA
36,Sr. Data Scientist,Alight,0.0,https://www.indeed.com/rc/clk?jk=314d66517764780a&bb=Ta2QNd0XKIzG4SAT2jzt0U9yv9NMUbHJGWYeQ4V2jwNRQFBuLs1SCUMwNpomLQiU3UbElwfjr2rMCqD7q1XT-jDinp6noNzweF9Ohb7qIWsVwleDmnVl3kyO9-OIMa4E&xkcb=SoCQ67M39QgDA8yRTx0ObzkdCdPP&fccid=c35833abe06c86e0&vjs=3,Data Scientist,Remote in Chicago,IL
37,Data Engineer,Greystones Consulting Group LLC,0.0,https://www.indeed.com/rc/clk?jk=d31a1401fc105fae&bb=Ta2QNd0XKIzG4SAT2jzt0VMaxJC9qJY-2Pl03_5Irkoigi5ut2LJuC01k9gC_sLegDx1Gn4DldYzOUo00ZHT_QjslWTy95KTJCG7uaFZFwQnQizIjvfhOD8MQut7FAG8&xkcb=SoAN67M39QgDA8yRTx0NbzkdCdPP&fccid=c217704cc373c1dc&vjs=3,Data Engineer,Washington,DC
38,Data Scientist,Michelin,70000.0,https://www.indeed.com/rc/clk?jk=12ec91f1ad3083f8&bb=Ta2QNd0XKIzG4SAT2jzt0SG_zKgb1g0m_jvEpSMD1yAo6VEnYz5Z7U_FztDb2aW6hk_FyFAr8B3NhHosb44P5B8_xu1ZnYKKgYhlq8sSRwzA61LjudujlZt2FqUZ0mJu&xkcb=SoC567M39QgDA8yRTx0MbzkdCdPP&fccid=8a90a0ee1d8ff04d&vjs=3,Data Scientist,Woodburn,IN
39,Data Scientist,State of Ohio Jobs,70000.0,https://www.indeed.com/rc/clk?jk=08353e0615c43f48&bb=Ta2QNd0XKIzG4SAT2jzt0XPlH523KMc5LymuPvCyQqwgD_gWMCixkTCmP7IpQXwSVRN8R-D7Z6Q2MS610VlwQMMCH05H0mOuK9SNOJPlQRH9Wg3r4R9zk2nycJhaKBwy&xkcb=SoBQ67M39QgDA8yRTx0DbzkdCdPP&fccid=adab04218ef837d0&vjs=3,Data Scientist,Columbus,OH
40,Sr. Data Scientist,Hach,70000.0,https://www.indeed.com/rc/clk?jk=0cba648cfda7088e&bb=Ta2QNd0XKIzG4SAT2jzt0dVTzsKaL3Lc5gtiYhPuOQTEvAmNIANQsAwrer1EmtSSbaZ2zeX62HbcIH4KDKQiTjlztQWxibJBLBSHkESN-w40debdi0QNjMvbDglLfhFI&xkcb=SoDk67M39QgDA8yRTx0CbzkdCdPP&fccid=7211d6a9510d11db&vjs=3,Data Scientist,Loveland,CO
41,DATA SCIENTIST ASSOCIATE,University of Alabama at Birmingham,70000.0,https://www.indeed.com/rc/clk?jk=da9dd5b6dad3ca48&bb=Ta2QNd0XKIzG4SAT2jzt0S-5ciMKZBhB5pA8IIvnj8bCNfdGozarRJw_n4YQXesHUdtGX-nxWMKHMOPBDvl7GXfyoGIri0UdKT7M9ersNPV_-AZAlN0_nw%3D%3D&xkcb=SoB567M39QgDA8yRTx0BbzkdCdPP&fccid=61b32dc36af3abe6&vjs=3,Data Scientist,Birmingham,AL
42,"Lead Machine Learning Engineer, Bank Tech",Capital One,70000.0,https://www.indeed.com/pagead/clk?mo=r&ad=-6NYlbfkN0C3j_zLGvpMLCdiZ0WC46XqVTA1VMZzOzKXPhAXwYlrNUFMD4PZ3AunGrII_Xzx8fFADRBtjbMjrTX9onHtHSPiSBJdybLIEahRkN4SwgsNbDFD7Q0kYBxxL92x-aTyen-LQJFVBxkedvVMLstopGu-nI_hQdbm_7WEUl4PwC3pd5n6Pi-MR0TGrNy4J83OV_8bPsOlHYd7GM_XryFYhNnUXOe7TJxzQqfNwi6W3CgrL_-NAQV1bWyD2uQCSxYJqZCicMpbYjBiuZUpF3RdwYHJeZATk-webmvj0UgAr6DFr5tLcdo6psH7fYkufF1Eu2n-XedEHd3X7fz4qKLzR-FnkAlXC7EE7ZOESUbYoizduKUEwXyx3dyXDArbrysbkol-UY3qZm981GQGENpmU083b8U4l9f9p97x-GYj3MGfX19WjCnWIMHhmHLYZXXYi9KnuAdmzBOcxZg8T66er37Y0ZDdLGtt2h6sKlOkEph_MGfw0y-5zRzGp0gRgAjbEJxT4ln1iilOM8g9j81vwFozki1KNmkKbj7NLoLrZpkesJKAUwwRLFjYx4WHR62ZnbzR7DbDzFAbEIo5XbzAFmGCzTbRYTD0XV7EAT1_yfqobGhwzCcqyNh-oJTVPy-ozbS7Hc8EcKUzMQ25Hv_R7AjtNb55v0JVrQf_Wue6kTFmNJc9lT7odsaQhGL-przvouApTWsT3AGRuxTy_WzG3bSNs6bzmNUwRaxaWBvGqdYosOW6mVPTgrmeCazo0WfYjsnqt3_Na6ZCBDYIbXSbGm-Fn1chTNXouBEPlYUn1CrHDfmE4myp4JcqDyz1l7KvUo7eGKSVnsjfgQ==&xkcb=SoA56_M39QgDA8yRTx0AbzkdCdPP&camk=4HOcmqOLYrAY9i7xfdbs4A==&p=11&fvj=0&vjs=3,Data Engineer,Hybrid work in McLean,VA
43,Data Scientist,eBay,114000.0,https://www.indeed.com/rc/clk?jk=b36658b24e72786a&bb=Ta2QNd0XKIzG4SAT2jzt0aba46IiW5UFHFFjs72LGfPLONVz0bt_fEcN-cunFnBKRjab8xKUE5XM2emO2N5_yG3mgpwU-zlGY2Fhrw7yQ1H58wHTKir2wg%3D%3D&xkcb=SoBD67M39QgDA8yRTx0HbzkdCdPP&fccid=ccf155b8e5eb4bf8&vjs=3,Data Scientist,Remote in San Jose,CA
44,Data Scientist II - Anesthesiology,UTHealth Houston,70000.0,https://www.indeed.com/rc/clk?jk=2f9d420e709a8b5c&bb=Ta2QNd0XKIzG4SAT2jzt0UIjjGtglkJGMAuAif_-pDOZ_nS_e2X-ecxRYfw6iMJGHqbP8bt5C-j9oJucYLJEktxrGVPICJ0ZcYxP1uunUVzfkodyy7GWIA%3D%3D&xkcb=SoD367M39QgDA8yRTx0GbzkdCdPP&fccid=2259246cd8a35c6c&vjs=3,Data Scientist,,
45,Senior Data Scientist,Kikoff,70000.0,https://www.indeed.com/rc/clk?jk=cfc333eb1c181dcb&bb=Ta2QNd0XKIzG4SAT2jzt0RczFo3I9VPVioA21Sv_XpjCLZhujvXd0SNLY71I0ol5L-OTS-FJSvP8W1VzRdx-SznTMJr55NCudY3-k9BQTMLa-WUJCeQvn7Z6oMAYsYcp&xkcb=SoBq67M39QgDA8yRTx0FbzkdCdPP&fccid=32227046f4a45298&vjs=3,Data Scientist,San Francisco,CA
46,Data Scientist - MCTO,"II Corps Consultants, Inc.",0.0,https://www.indeed.com/rc/clk?jk=87a9ed6eda09634d&bb=1njvimLpOGD6kBusRFqbmlWyqayc0XHY6rm9X7mmwpWq2FDxxRGrj1gIGzLl92WjieGUS0syHids61g3_BwobbWt4hNkMef8fAojYLkGFP5belvWg0q8RmxpHQi9xPMV&xkcb=SoAL67M39QgCmly2A50LbzkdCdPP&fccid=c803853a29c3a5ce&cmp=IICORPS-Consultants-INC&ti=Data+Scientist&vjs=3,Data Scientist,Hybrid work in Alexandria,VA
47,Data Scientist,SVB Capital,70000.0,https://www.indeed.com/rc/clk?jk=025fcaf2e44994a5&bb=1njvimLpOGD6kBusRFqbmsoVGNvGnUnQagq3fi0wfRz-0sX87u28HVb23pK6lZ0cTQ-X6zGjMR8lXXadUOMnG5zT-e-TbDHkLfPmUhL5oirrlktev0zYYq59LU02fBXE&xkcb=SoC_67M39QgCmly2A50KbzkdCdPP&fccid=a8ba95482d384215&vjs=3,Data Scientist,Hybrid work in Menlo Park,CA
48,Senior Data Scientist,Verikai Inc.,0.0,https://www.indeed.com/rc/clk?jk=4e620a532e9a787f&bb=1njvimLpOGD6kBusRFqbmqHobpZPxpr6csprWBJyQGvL-FJjYzy1ZbnhZW3wcj0Uu5mwI8s2BHsqSkt5tkNW1we49F_i7QAxANDIQUgOaryyl3PrvzZEyQ%3D%3D&xkcb=SoAi67M39QgCmly2A50JbzkdCdPP&fccid=34ad38177401e71c&vjs=3,Data Scientist,Washington,DC
49,DATA SCIENTIST I,"U.S. Xpress Enterprises, Inc.",70000.0,https://www.indeed.com/rc/clk?jk=2d5bf8c455bbd092&bb=1njvimLpOGD6kBusRFqbmsoVGNvGnUnQ4A8G3ub8oGSqk-lpGNR4XETP1bYpGVXmGBzbaHuYC0f1BfAr-t5oWkcbDwQJJDWe4NUpmqGSj7ro4gaEICEJSbjXPKaOBAf9&xkcb=SoCW67M39QgCmly2A50IbzkdCdPP&fccid=d921f5450b899369&vjs=3,Data Scientist,Remote in Chattanooga,TN
50,Order To Cash Data Scientist,Hertz,70000.0,https://www.indeed.com/rc/clk?jk=6320ea3932a00aa7&bb=1njvimLpOGD6kBusRFqbmtRjbCg8lmP5N1AbntXhSmpgJKm8Ov3A7MMwognvEqIi25igvTrWCWle3vDECTsjj6jBrlfdjpAIhxDUuaIKPo73mibpVqtlWw%3D%3D&xkcb=SoAY67M39QgCmly2A50PbzkdCdPP&fccid=2198321f20b9c5d3&vjs=3,Data Scientist,Oklahoma City,OK
51,Biological Data Scientist,University of Nebraska Medical Center,69000.0,https://www.indeed.com/rc/clk?jk=b1b85fc2beb86020&bb=1njvimLpOGD6kBusRFqbmhsR8rR5u7vEsf67aAN3oCsytL2jmOvSzKSJSLtw5eVHh02NjvsICCmqBA12122WX2bg2ksW6aL59n8tT-Jq5m01nTbvpnmQew%3D%3D&xkcb=SoCs67M39QgCmly2A50ObzkdCdPP&fccid=b8b24773975b4576&vjs=3,Data Scientist,Omaha,NE
52,Data Scientist,Grit Government Solutions,0.0,https://www.indeed.com/rc/clk?jk=4054aab1ff0e53b0&bb=1njvimLpOGD6kBusRFqbmn4bkXhrHvBJLsg7HYsNhp1m52WhPWpgdi01bsWeY88ypbSi2TftfEIymiYqBuwOSSmGqXb3oLxcsbsTA9G-J3c9qjuIt8t5-bYo6EF98z_Q&xkcb=SoAx67M39QgCmly2A50NbzkdCdPP&fccid=972df28365a3418e&cmp=Grit-Government-Solutions&ti=Data+Scientist&vjs=3,Data Scientist,Fort Eustis,VA
53,"Executive, Data Scientist",USAA,150000.0,https://www.indeed.com/rc/clk?jk=52da139480a1f0c6&bb=1njvimLpOGD6kBusRFqbmmDwphwwQJ8WMYdRRgUBWwAxsH9kKsVZNqPra3rTy76gOKCgygSkj0QkkJ6lnJkieS-65yYrw4EOp19FxxXd9bA4yi1cjX60Ow%3D%3D&xkcb=SoCF67M39QgCmly2A50MbzkdCdPP&fccid=3a1edc2d763c4288&vjs=3,Data Scientist,Remote in San Antonio,TX
54,Specialist - Data Scientist,Ally Financial,70000.0,https://www.indeed.com/rc/clk?jk=ceaea9459ced5b34&bb=1njvimLpOGD6kBusRFqbmk4DqgpfrqyZs92uC5XRoZNwso5xlD1M2DBZgDArfaddaMM9XNPkDfz0p4VsY6wK-DwPJkjO1xmg-rYX9ilA-VS5s4ge8tVtyQ%3D%3D&xkcb=SoBs67M39QgCmly2A50DbzkdCdPP&fccid=f8c85b296194776f&vjs=3,Data Scientist,Hybrid work in Detroit,MI
55,Data Scientist I,GEICO,70000.0,https://www.indeed.com/rc/clk?jk=a53b8321fce40531&bb=1njvimLpOGD6kBusRFqbmsoVGNvGnUnQvadQKNwNMZzRYUB260-ohGVfXyaTYT_w_8fXdKis0uky1ep741J4PK5wrfRyLTXEJ-cs8-Odo7xu9mUVDpGyjw%3D%3D&xkcb=SoDY67M39QgCmly2A50CbzkdCdPP&fccid=71b1543b29473502&vjs=3,Data Scientist,Chevy Chase,MD
56,"Data Scientist II (Northridge, CA or MN)",Medtronic,110000.0,https://www.indeed.com/rc/clk?jk=2b8a2d66a4a2878c&bb=1njvimLpOGD6kBusRFqbmvrVCXjA91h7by2h5Ctk-7Jz10QluqR5JBE-kiVgdM_EukBfNiNhEQ6Ndz9GeT4ds5wn9XYPqOpBk685KpjaFA-uJ-kacIZiNg%3D%3D&xkcb=SoBF67M39QgCmly2A50BbzkdCdPP&fccid=f06a4d05bf5510ec&vjs=3,Data Scientist,Northridge,CA
57,Data Scientist,Greystones Consulting Group LLC,0.0,https://www.indeed.com/rc/clk?jk=d64f11187fe47c1d&bb=1njvimLpOGD6kBusRFqbmoyg2MgGnrvO97mzPlzSkxs_xcibQVPbt5N6AHkbJiw3covy6dGlv7vwmsGhX67OvVc4r3fAx-9BF1oQp6sUj7JPE8fUyj9Y1c-QRHEzXdta&xkcb=SoDx67M39QgCmly2A50AbzkdCdPP&fccid=c217704cc373c1dc&vjs=3,Data Scientist,Washington,DC
58,Senior Data Scientist,Protellhirestaffingsolution.com,0.0,https://www.indeed.com/rc/clk?jk=3c3ab259a7c51630&bb=1njvimLpOGD6kBusRFqbmgYVxCR3H7dEpo-Q40s9RlWu3-hYxtPY571HIC3AONUHZSkgzdEU_rTDlPUlVd3tAfuyScBI0dkXxIpuClZOk5j0tC0Ug87Pw3VK9aj9AjZ6&xkcb=SoB_67M39QgCmly2A50HbzkdCdPP&fccid=f0564b375a9b4b25&cmp=Protellhirestaffingsolution.com&ti=Senior+Data+Scientist&vjs=3,Data Scientist,Cupertino,CA
59,"Senior Data Scientist, Generative AI",Scale AI,0.0,https://www.indeed.com/rc/clk?jk=5eb7ef8ca9b9e053&bb=1njvimLpOGD6kBusRFqbmsPUs9Q4IJI2LeR__LsvHachEBzbqBIoCFK7ktZIK12rSRfKtFxtDdKz6CTqOViph1ED3sopQqLjWecmWGNoWzTa2_MvLV5xkUlLcSbVJEwE&xkcb=SoDL67M39QgCmly2A50GbzkdCdPP&fccid=4eacfef094c1e91a&vjs=3,Data Scientist,San Francisco,CA
60,Data Scientist VA-1509,Quevera LLC,70000.0,https://www.indeed.com/rc/clk?jk=ce70c4e6ffcbdf3d&bb=1njvimLpOGD6kBusRFqbmstbQg2eVXEonYGtdKDYNeUa5kSSJ9erzWOJWM_1e5c0RZmPmjcqqUrbMqP-JbB0qtnF_HQfDdLya0VXadwLRNY78nizVDoxTAyCxnUraYCZ&xkcb=SoBW67M39QgCmly2A50FbzkdCdPP&fccid=be24e5d327a08716&vjs=3,Data Scientist,McLean,VA
61,Data Scientist VA-1509,Quevera LLC,70000.0,https://www.indeed.com/rc/clk?jk=ce70c4e6ffcbdf3d&bb=CW9aUwiCnZ7udZzSRhxt6QqznlaZk2XergdJVqenan4lWb8XSI_cFDpo1ToDbKoKGo7OhtneLCM97lwZSR6H1ySAkfXwhC2e4pJZuN1Lmr1r9WDo_W2j22_5G0dcBgfw&xkcb=SoBB67M39QgCQ_w25h0LbzkdCdPP&fccid=be24e5d327a08716&vjs=3,Data Scientist,McLean,VA
62,Data Scientist,Transaction Network Services,0.0,https://www.indeed.com/rc/clk?jk=1d953fec7bc52fe7&bb=CW9aUwiCnZ7udZzSRhxt6UWSB3AoqGpMA3vGjYP3UTzBEACXxD3NUF4l5VU1Uzeu4zbmHA0wBn5R6DZQTs_7ijHzADp7W_sOps1VmBpihm9YBnk9mw5CtRyKKkdq9cwU&xkcb=SoD167M39QgCQ_w25h0KbzkdCdPP&fccid=dcce7a0c9a34f673&vjs=3,Data Scientist,,
63,Data Analyst/Scientist,Risk Solutions,70000.0,https://www.indeed.com/rc/clk?jk=67f1c8b4e09367a7&bb=CW9aUwiCnZ7udZzSRhxt6WequwvnR5JZbqDszgFbRSDkXa9GS-QP_CKoCdisKqvKoROVZA8beFae6oWB0MvlYUnvu-rmVDYeE-Z_nEiwZGG_a87uJB1zOgx01dgkIYvz&xkcb=SoBo67M39QgCQ_w25h0JbzkdCdPP&fccid=4d07247f1ac72363&vjs=3,Data Scientist,Hybrid work in Minneapolis,MN
64,Sr Data Scientist,PayPal,84000.0,https://www.indeed.com/rc/clk?jk=fa6bec3c05e05005&bb=CW9aUwiCnZ7udZzSRhxt6RYfGr25HxQfg3ebd39uqS5JroZoXurE-OZnoAN68ZXb_lMRdDvUiQMTJYNOJPX-JfKw9ZUf7rtPwChHJgaUmDW52KQiT0Upsg%3D%3D&xkcb=SoDc67M39QgCQ_w25h0IbzkdCdPP&fccid=978d9fd9799d55a8&vjs=3,Data Scientist,Hybrid work in New York,NY
65,FinTech Data Scientist,Vanguard,70000.0,https://www.indeed.com/rc/clk?jk=ec2f78b069db6fd9&bb=CW9aUwiCnZ7udZzSRhxt6deUAjnE7A56311G2QIVwef544RBTokLg8gRXNwAg5FGrIx82doS6yaiSyr3bOB204NLZauFdIeoYwk2jIYTP9_OaW3hsigTvg%3D%3D&xkcb=SoBS67M39QgCQ_w25h0PbzkdCdPP&fccid=510aa29fcf8f87d9&vjs=3,Data Scientist,Malvern,PA
66,Data Scientist,Plexus,70000.0,https://www.indeed.com/rc/clk?jk=cdfcf098d2fc5cb3&bb=CW9aUwiCnZ7udZzSRhxt6Z9ZVjv6ihb8I5c48zHYnTLvalDCurNLRCjTP1u0iE7LZo-e4ILhZM9qB_9K-Rv2lS5SmfWU8Xc8gx-Rfxp7OcLlrgP92O7dJRZf9kjc2xWe&xkcb=SoDm67M39QgCQ_w25h0ObzkdCdPP&fccid=f46d2a22e8c08ae8&vjs=3,Data Scientist,Neenah,WI
67,Senior Data Scientist,Autodesk,0.0,https://www.indeed.com/rc/clk?jk=8165db2537d167fe&bb=CW9aUwiCnZ7udZzSRhxt6TLAn-2A7rmUVg7M2p6hipCnKEPSJ01yBZD7Q-JjQCn7Hrx77rzLqK2HYZMMnG1TxtLa6H1AUcMxkeP7N2bi6IwZnHM-4XGQwm8vjec8oQ41&xkcb=SoB767M39QgCQ_w25h0NbzkdCdPP&fccid=7136762d065a5ad7&vjs=3,Data Scientist,,
68,Statistical Assistant,Infojini Inc,37000.0,https://www.indeed.com/pagead/clk?mo=r&ad=-6NYlbfkN0Anf6jJp3o99dkiXR3U9YqnwbHyRLE-Aep-9JQoPN7RZaijeiJpuCay3BpeAm-pvtG42QfNLf26BsEjDbn5yKNSlHyxK3xPXmOc5kn0-Jmr1hBKlLyk4g9ly26i5BISf3A7sMH3w7FuIQ-GMCHZEMQZMGEpfNhIpPexaYvQuw4DmiuPFEukXWIKe6E3wLEWZqpX8SpS6vuOP6uxf6LSMAoq7nAPBf716dk520qibLYJ2_2THBozMKaLOW47urdW-sRhKoPWfR96NffXUIex0Ho4sV_WHFZ8hVQa_AkaX7NtUiaDgeDXlcYmmjGp4oTSO44CqENBOtDQ4zyKxJZeQckjja7ByGe8qWDZ0nCbiWdtWxpyJoY0uO72dC3ALwESnVcJnQO2t5GluGBw8VaTImsMJfXsE4CJsfgRdlFfqCSXchutZVhWw2d4UM90Bf-rXsHD1rRA1CqCrT7YtLdkYzBut2LjMt1XxhBGesPASR3vTwyR7ceotW-BQUoBi33sJgQDffuFT7SYD3E92cn47FckryzUsEojPY6Pr2PcbpkrvpVXhoE_d_Gv7Vnfgp7lD9SW3ajcFBgr4izOkilgTFnWzeJJBAZ8JxIg-4mrtwtU_oY_psMA32wZoXWvP737F0o6LocKYwT6tSpFsAhbqYzqpIc9txNdtpS8ZOZIcrjj3CTmcLXw47hV&xkcb=SoA76_M39QgCQ_w25h0MbzkdCdPP&camk=4HOcmqOLYrAA3dX6ba566Q==&p=7&fvj=1&vjs=3,Other,Menands,NY
69,Data Scientist 2,The Church of Jesus Christ of Latter-day Saints,70000.0,https://www.indeed.com/rc/clk?jk=6666a40c58be9318&bb=CW9aUwiCnZ7udZzSRhxt6ZBlccgQXibPnoAX3ymONmi4ZgQ07FBBL5-AJE74YlLAsA1NmJqkbbxXDCVe4zZwi-UYq91YWmd0ZrtdyOaGzcmTNn5KXBLclqQBvq0al0mL&xkcb=SoAm67M39QgCQ_w25h0DbzkdCdPP&fccid=7e408d96768a4a43&vjs=3,Data Scientist,Salt Lake City,UT
70,Data Scientist/ Machine Learning Engineer || Full Time,Braintree Technology Solutions Inc.,70000.0,https://www.indeed.com/rc/clk?jk=113a1036e8caa367&bb=CW9aUwiCnZ7udZzSRhxt6WBMEOJzRpmfiDL3nGyE-AUh8Z9Qvgp3bu9KMBY8yvQn1jwrZwrkVa7OpoyHmGMRiijSB2Ei5d9YYTlawt3wUuACLHZo0rAp1E2xSF0EsKFX&xkcb=SoCS67M39QgCQ_w25h0CbzkdCdPP&fccid=404003403215aa69&cmp=Braintree-Technology-Solutions-Inc.&ti=Machine+Learning+Engineer&vjs=3,Data Scientist,Fort Worth,TX
71,Data Scientist,City of Seattle,70000.0,https://www.indeed.com/rc/clk?jk=4f0e4b1981fb93e7&bb=CW9aUwiCnZ7udZzSRhxt6VAORFsSe7zx7XzwDnPRGgyMrHXcW_58WqC-GCiBTFJ6lFm-ehzWdlLtZrY_-OmOG9FMcYq5CUAQgVCTCW_1odaV8uab6_4yw4rR9tdNUJ6X&xkcb=SoAP67M39QgCQ_w25h0BbzkdCdPP&fccid=7ab02d0382dcd5b4&vjs=3,Data Scientist,Seattle,WA
72,Data Scientist,Barbaricum,70000.0,https://www.indeed.com/rc/clk?jk=4f85bfb3e0e4b091&bb=CW9aUwiCnZ7udZzSRhxt6YdQEIH3w6CUybNvqwpv11GNzq6JBHAp2Fc6U-p_dO8uTHiOIRgKd1RhikVh-131tXhvXzjp_w-Es9GL_oSNgGIxupo8XSFCeZGhJkBleued&xkcb=SoC767M39QgCQ_w25h0AbzkdCdPP&fccid=0ce8583f8756e02c&vjs=3,Data Scientist,,
73,Senior Staff Data Scientist (Xpanse),Palo Alto Networks,70000.0,https://www.indeed.com/rc/clk?jk=51d027a1876db6f1&bb=CW9aUwiCnZ7udZzSRhxt6Y20ywlsFxODWFd0xhU_qc5LRTP9AglVpgWvECfPggSIoErPFjfb0bY8Ay7naUM3PpXP_NLV8Y3giDyDfM-hiuJrynZv-DFWphdOumiO4RiY&xkcb=SoA167M39QgCQ_w25h0HbzkdCdPP&fccid=0562f887e2bed9ea&vjs=3,Data Scientist,San Francisco,CA
74,Senior Data Scientist - EHS,AbbVie,70000.0,https://www.indeed.com/rc/clk?jk=42d0f12dda91aba3&bb=CW9aUwiCnZ7udZzSRhxt6QqznlaZk2XejittDysx5oPZ0_3IxNi6T14CwuCVKeWQvH-_AzIuzL9xDzmfOSm4u0HLOcrmA8RXJr-yMABgOKs3HbvgXmvmQfHpH2bNLWTZ&xkcb=SoCB67M39QgCQ_w25h0GbzkdCdPP&fccid=a3b51ece17c02aae&vjs=3,Data Scientist,North Chicago,IL
75,Data Scientist - Fraud & Payments,FanDuel,0.0,https://www.indeed.com/rc/clk?jk=ecbd4b84733c81a3&bb=CW9aUwiCnZ7udZzSRhxt6dqWhC37DFH8Uc_hmu4X2BD5R7cYv0StZzoiXAta-IdsD140NlKx9VTvQSWRFgP9oXlvgS-77blc8Q5n2Ly8aDINLCZxeJGkTefbQR58B2Hz&xkcb=SoAc67M39QgCQ_w25h0FbzkdCdPP&fccid=ada833cd00ae27d8&vjs=3,Data Scientist,Hybrid work in New York,NY
76,Data Scientist II,Cox Communications,70000.0,https://www.indeed.com/rc/clk?jk=a3c9aee78e5f126d&bb=kcAvg9n_ZQ7pWAtFFr7EecSwaGAvOwIK4cPtMr_8RuIP6O6aDBz99K_BHHCXioMTI4U_ULCllI2Woh8W2uaoT4uBX2X0AQjz_Nx1zx34jrGsC_2Gvsn4QJSqzfRU6JOL&xkcb=SoCX67M39QgCKuQ3xJ0LbzkdCdPP&fccid=c7e6b037b4d816c9&vjs=3,Data Scientist,Atlanta,GA
77,Data Scientist,WEX Inc.,70000.0,https://www.indeed.com/rc/clk?jk=c8523cc51193abba&bb=kcAvg9n_ZQ7pWAtFFr7EeRJeLiLnY1n105frYS3Op7LQCfcfAKzyHbNNBctTkcSssFg7Uv-7NuH-pYAM93kOygFuboJlUh6-uYSQ6tqbteOr0ZiJLAcrtw%3D%3D&xkcb=SoAj67M39QgCKuQ3xJ0KbzkdCdPP&fccid=c9538b927313f8e0&vjs=3,Data Scientist,Portland,ME
78,Data Scientist,"C-Star Solutions, LLC",70000.0,https://www.indeed.com/rc/clk?jk=4306cba47f4cb74f&bb=kcAvg9n_ZQ7pWAtFFr7EeRJeLiLnY1n1Sf8I5wlY1mpNhHN93psJjBXTnluZGNE69M-rrIoRGDEmYXUgu8OqdevYMUYFDt2t0ao1KptmVqUOLrcmflqlyqxJ8tE-_7WM&xkcb=SoC-67M39QgCKuQ3xJ0JbzkdCdPP&fccid=dd616958bd9ddc12&vjs=3,Data Scientist,Springfield,VA
79,MIDDLE DATA SCIENTIST,LeverX Group,70000.0,https://www.indeed.com/rc/clk?jk=613a0301f1ed636f&bb=kcAvg9n_ZQ7pWAtFFr7EeTKjdSNB9timb7Cydz3Wt7PY3Mj9neQcLkJoSGhgoH87p9OZlPZyQmmQgfLWDrerKJkJVEESfVMk1cJViBG8uyYit2SsEyY8N4QNTMqhqv5X&xkcb=SoAK67M39QgCKuQ3xJ0IbzkdCdPP&fccid=59a8e318cb4dfe13&vjs=3,Data Scientist,,
80,Associate Data Scientist,The Hartford,70000.0,https://www.indeed.com/rc/clk?jk=fd3421296ccca70f&bb=kcAvg9n_ZQ7pWAtFFr7EeRhlozVQM-LfZYBZTszqA6_gP9gtPPmh29UXGE65KtU3eoaef3tEc3LS4X_fp1XZBq3gSxxE6TdpMqb1AnBCN1XKQ8uP9qn1Hw%3D%3D&xkcb=SoCE67M39QgCKuQ3xJ0PbzkdCdPP&fccid=25d3835187829237&vjs=3,Data Scientist,Hartford,CT
81,Senior Data Scientist,INISGHT2PROFIT,70000.0,https://www.indeed.com/rc/clk?jk=42663e3f1bf8b1ed&bb=kcAvg9n_ZQ7pWAtFFr7EeVteSxBJi5eOaye4hG3WJ1B4L3U1O89R0FCF9UyNi2GjMzaqyprOsdFncnOIQ8WdHTuLbnu4y-FC3VDJN93-cDcIsYdyCC9RX3FuMtdze-ee&xkcb=SoAw67M39QgCKuQ3xJ0ObzkdCdPP&fccid=8b8065a340e78bbd&vjs=3,Data Scientist,Beachwood,OH
82,VDH Data Scientist (Locals only),Raag Solutions,70000.0,https://www.indeed.com/rc/clk?jk=8f52af63485e3787&bb=kcAvg9n_ZQ7pWAtFFr7EeZQ766e3OSwP07qU5SQfIKn3HbNvJPwBupJcm190Gia_Dow3BCfHg9xBPnJQ_8pArepOpX940rrY0HXB--smd5BnadcNuJ5wjtOzi5vzFBrJ&xkcb=SoCt67M39QgCKuQ3xJ0NbzkdCdPP&fccid=8c9bc4383199682b&vjs=3,Data Scientist,Richmond,VA
83,Google Contact Center AI Expert,Cloud destinations,70000.0,https://www.indeed.com/rc/clk?jk=eea5568e3a75dbc7&bb=kcAvg9n_ZQ7pWAtFFr7EeaLRWBT0yJ6Bau6tAxtMACu9MEMxlAS7x8iM3iW3oecO3ditVuQtSY9Pah8ZO3U9RFrPlOPItHUHZQ31bvkOBZe3sgvCQ6TabTG3thVav6rh&xkcb=SoAZ67M39QgCKuQ3xJ0MbzkdCdPP&fccid=b99fcc83a29d38c4&cmp=Cloud-Destinations&ti=Contact+Center+Engineer&vjs=3,Other,,
84,Senior Data Scientist,Microsoft,117000.0,https://www.indeed.com/rc/clk?jk=d597a15be258fa99&bb=kcAvg9n_ZQ7pWAtFFr7EeT4LSfYtF7jV8990ujtNm-8lbdqJy_uNyRuOiafSDo0jM5HgZ6s5M0jYN4ABUsQ8T3S5_0j1GEpLHGsqPRByvN4SNqTo_v2EOw%3D%3D&xkcb=SoDw67M39QgCKuQ3xJ0DbzkdCdPP&fccid=734cb5a01ee60f80&vjs=3,Data Scientist,Redmond,WA
85,Senior Data Scientist - ML,"Twitch Interactive, Inc.",70000.0,https://www.indeed.com/rc/clk?jk=a0b27e669255fea7&bb=kcAvg9n_ZQ7pWAtFFr7EeUz1f7mfdG1ZxnnKpEEdgUJwRdUztXZLU8m6w1zVKGDhbuQBK139Hp6_iLoJVeZ1w-llKbR8YUMdpd67tVnkVJR974jag1pt1g%3D%3D&xkcb=SoBE67M39QgCKuQ3xJ0CbzkdCdPP&fccid=fe2d21eef233e94a&vjs=3,Data Scientist,Remote in San Francisco,CA
86,Manufacturing Data Scientist,TAMKO Building Products LLC,0.0,https://www.indeed.com/rc/clk?jk=b80260b361082b0f&bb=kcAvg9n_ZQ7pWAtFFr7EeVbJ6C-QgYH3OkfJGW--70YGCYC9WPv2b59Cpbiv59Mszff1ycT0muOlXeFpKgXgz4jQovgAWhOAqTmx1_6CgSDpfKE2eSjo-QDt_koCaMY9&xkcb=SoDZ67M39QgCKuQ3xJ0BbzkdCdPP&fccid=73185f6ad5b10e1b&vjs=3,Data Scientist,Dallas,TX
87,Data Scientist - Demand Forecasting,Tiger Analytics,70000.0,https://www.indeed.com/rc/clk?jk=d13dcddd0942cbfa&bb=kcAvg9n_ZQ7pWAtFFr7EedQm2Pg8Gq53guPE2IUFn7NbtUKsTb7vCs3ocwj3nf9nJzxdRKTdP4DPUQ7YEt4N8-ZIV68fNlIrDrePiDz4HE4W7jCYCF85bwLP4cIfchIw&xkcb=SoBt67M39QgCKuQ3xJ0AbzkdCdPP&fccid=cba01270e96bb012&vjs=3,Data Scientist,,
88,Data Scientist,BAE Systems,70000.0,https://www.indeed.com/rc/clk?jk=1753dfb703f11b4f&bb=kcAvg9n_ZQ7pWAtFFr7EeVteSxBJi5eO0AXkUmO2d7875gTpcnHOfBRolLj9D1KWGCk941SiHw8CPB0INEYAhgTHw0Nk3RwmZmdeso-TDHyGPLuzZM5nSpK1h8Xgyo8n&xkcb=SoDj67M39QgCKuQ3xJ0HbzkdCdPP&fccid=200a825acadb9338&vjs=3,Data Scientist,Norfolk,VA
89,Senior Associate Data Scientist,Infosys,70000.0,https://www.indeed.com/rc/clk?jk=b22c7e0dd1c6dc5e&bb=kcAvg9n_ZQ7pWAtFFr7EeZR0h7v4wUQ00iudo7V54bj0gG2o-m09TuBgTXz0Nn4Jqb2wAod_dFFPY_45ISEAg07tIMofnVQGZjcth3KpZvlHLmpEpcndCbg0QIl_UOCM&xkcb=SoBX67M39QgCKuQ3xJ0GbzkdCdPP&fccid=c67533a523c83a4c&vjs=3,Data Scientist,Raleigh,NC
90,Data Scientist AVP,Morgan Stanley,70000.0,https://www.indeed.com/rc/clk?jk=aa2212da756bf578&bb=kcAvg9n_ZQ7pWAtFFr7EedDmLVVEQ5OP9DgeaJJoJeJpQLbj9oHnbfZfaKjRKgWCGt1Q50M5dAsTHIHlL6qdZTDfoA8sF1ROUkZ2PTIdDM1hkIQembCvUw%3D%3D&xkcb=SoDK67M39QgCKuQ3xJ0FbzkdCdPP&fccid=0c39fb2c91742dcf&vjs=3,Data Scientist,New York,NY
91,Senior Associate Data Scientist,Infosys,70000.0,https://www.indeed.com/rc/clk?jk=b22c7e0dd1c6dc5e&bb=8571CQqf6CDWYgeoBGSNS7SKcpz1cnIhnE3pPRKw_T-QES1iAf1ECqZXVg52ygQZjlfOulSd5zpA2Pqce0JT4wisrYyKvEp4uLSgWRtMIpBK9bfXfK9pjNw1ryZIlWWv&xkcb=SoDx67M39QgBijAcpj0LbzkdCdPP&fccid=c67533a523c83a4c&vjs=3,Data Scientist,Raleigh,NC
92,Data Scientist AVP,Morgan Stanley,70000.0,https://www.indeed.com/rc/clk?jk=aa2212da756bf578&bb=8571CQqf6CDWYgeoBGSNS-oUEy2zVM5Cw_drkDDDLl91lXDvC1EOdNGxoU6Ujw7MZzJFzmGufKPFOfAeDlJhjBLerLWxm7csVMMHUDRb7rQtTA0kRBtPjQ%3D%3D&xkcb=SoBF67M39QgBijAcpj0KbzkdCdPP&fccid=0c39fb2c91742dcf&vjs=3,Data Scientist,New York,NY
93,Data Scientist III,Tufts University,70000.0,https://www.indeed.com/rc/clk?jk=bd262c4006f949e1&bb=8571CQqf6CDWYgeoBGSNSy8V8qA5ddDKP0DaUx1JZYPSQZNQhHvlD5cOzJJwzTJ6rDzPIpIPPZfUEDp7WXl6HxEaJ86e5vyZ6pEMqNrZS_M-OH1gC_77Nw%3D%3D&xkcb=SoDY67M39QgBijAcpj0JbzkdCdPP&fccid=6204ad93e6d7930f&vjs=3,Data Scientist,Hybrid work in Medford,MA
94,CS - Data Scientist / Machine Learning Engineer Student,INTEL,70000.0,https://www.indeed.com/rc/clk?jk=21f1e7cad347a225&bb=8571CQqf6CDWYgeoBGSNS_XyDhN0z3M1iwGQzADLxskNgXCrJdSWALNaKmIE8V1aVanPzmD3JcriiCDi_BrCwMdusVlVSBDzeXYL2xWJFxBgOLXCV3Ttew%3D%3D&xkcb=SoBs67M39QgBijAcpj0IbzkdCdPP&fccid=936367796261bd6e&vjs=3,Data Scientist,Phoenix,AZ
95,"Senior, Data Scientist",Intellisource Colorado LLC,0.0,https://www.indeed.com/rc/clk?jk=9cb985cc672671cb&bb=8571CQqf6CDWYgeoBGSNS1a25m8ENvdIFVzfv3bnZNLmPCnva01MugLkODd7TrLMDRKrz0DCgeADw6HZtJiQvJ5P-aqpBDmCA7pqi-PFj-cHwqbP6WTzFwhgdtIPQGn-&xkcb=SoDi67M39QgBijAcpj0PbzkdCdPP&fccid=bb9c2686d851ace0&vjs=3,Data Scientist,Seattle,WA
96,Data Scientist,IPG Health,70000.0,https://www.indeed.com/rc/clk?jk=f2bfe529319ee482&bb=8571CQqf6CDWYgeoBGSNS7e7qVSYoAcRXsm1j0d7IURXi4sC0FGZoIR9V_s95HWcaHzgLk2_zVdRRbp3QfcMaG_2e5moZ2V1bYvHQU-4TYSfu-SdGyRGvsk9ud4CIfLm&xkcb=SoBW67M39QgBijAcpj0ObzkdCdPP&fccid=374f886155c4b81b&vjs=3,Data Scientist,New York,NY
97,"Sr. Data Scientist, NLP (U.S.)",PulsePoint,70000.0,https://www.indeed.com/rc/clk?jk=5dd27dda59451dfc&bb=8571CQqf6CDWYgeoBGSNS4BvhDjJhO_DHCF4VJukhnMrz3bWWMSTNhGbHQ_W7pw7bw9v-_L7vh_Ag8olN8X5uc1uYjoBziIWD_Gv3C2emjHCRyXejGw4yA%3D%3D&xkcb=SoDL67M39QgBijAcpj0NbzkdCdPP&fccid=93b6104db54859ec&vjs=3,Data Scientist,Newark,NJ
98,"Data Scientist, Data Strategy and Analytics",Abbott Laboratories,100000.0,https://www.indeed.com/rc/clk?jk=2ea3b381a5a811a1&bb=8571CQqf6CDWYgeoBGSNSzsVn10RUVaA7mCbnmscxg6JPUvt8UV5wWE2KNWiGB0MVdxzXAeKS9dvvnj3BKDQpVqoqQesdzz0PXHhlI-DWWJs2oy_ltGD-w%3D%3D&xkcb=SoB_67M39QgBijAcpj0MbzkdCdPP&fccid=77426fa86bb11d7c&vjs=3,Data Scientist,Alameda,CA
99,Sr. Data Scientist,Visa,70000.0,https://www.indeed.com/rc/clk?jk=e5dbf388e648511d&bb=8571CQqf6CDWYgeoBGSNS34_b7HaXYQM-s9Od97JRnuLSPvGDBQh2R1KTGPZRYiHVxaJvtqYgGYzl-ErZib36XDaGcLjiCNdPsg3pncmGjZ7D0PYA0NGuA%3D%3D&xkcb=SoCW67M39QgBijAcpj0DbzkdCdPP&fccid=a3f737e511d9fc8c&vjs=3,Data Scientist,Hybrid work in Highlands Ranch,CO
100,Artificial Intelligence Engineer,"Amplify Education, Inc.",70000.0,https://www.indeed.com/rc/clk?jk=cdda12d1da7546be&bb=8571CQqf6CDWYgeoBGSNS2eEAg_H-or_aYkGZXFNFUdLNdCxPFKOYHtOIsriI__XGQFe8atSpvGeo1dnUzcg5Vx55vWlFWiV5tV-Y9y-NbXIE_kBg_3ZhLtBjktawjS-&xkcb=SoAi67M39QgBijAcpj0CbzkdCdPP&fccid=a575b7c5c50b587a&vjs=3,Data Engineer,,
101,Sr Data Scientist,Procore Technologies,70000.0,https://www.indeed.com/rc/clk?jk=577bb509d82093d7&bb=8571CQqf6CDWYgeoBGSNSwEOyBA9EAYQ77WgGNJi2MOq2s-iNfn0SQ4o6x3nrUhMFHgrH5keymxkMNTHxQUJiIboCXcDdMxuqz3dbYezqXhWgPLc1olXfOXKwcZyc4Xq&xkcb=SoC_67M39QgBijAcpj0BbzkdCdPP&fccid=bc675912b67fcb67&vjs=3,Data Scientist,Austin,TX
102,Data Scientist,Chenega Corporation,0.0,https://www.indeed.com/rc/clk?jk=8f9a872d931600a0&bb=8571CQqf6CDWYgeoBGSNS6UZIx2f1Q90mVR5J6_NOGvqcjGwV2_vPJrfzPwSCRYlQxfKZ0vCQUZ3O7MYkNR33-vpo1TwnKZitIhFNg1SopyT_mZdCNQVYQ%3D%3D&xkcb=SoAL67M39QgBijAcpj0AbzkdCdPP&fccid=ebdab10e41fbc599&vjs=3,Data Scientist,,
103,Sr Data Scientist Enterprise,Academy Sports,70000.0,https://www.indeed.com/rc/clk?jk=c10b21163675e43b&bb=8571CQqf6CDWYgeoBGSNS3n_sBD9GDMRhc0C06OkCgG8p1J85yjmvP9g-nR3WGCYkSqY-rr1U7-XB4jl4Gkrq5co8T0CHLVX0o5gUnPFJnyUO1q_j2h_NA%3D%3D&xkcb=SoCF67M39QgBijAcpj0HbzkdCdPP&fccid=a01997b9e64c27a7&vjs=3,Data Scientist,Katy,TX
104,Sr. Data Scientist,Schneider Electric,70000.0,https://www.indeed.com/rc/clk?jk=38a3c0d298cf508d&bb=8571CQqf6CDWYgeoBGSNS7VY_aaimdeU9iB929dJMH2EgIOOLqmr7_gT_U0KYfzw3ICsgqkutPYrAxmkG0Wbh_7m40yBCZ2WPpW8rDyGuYlIK8lpT2iyEFqm064rpPBI&xkcb=SoAx67M39QgBijAcpj0GbzkdCdPP&fccid=8dc4399ddb463d4a&vjs=3,Data Scientist,Remote in Louisville,KY
105,"Data Scientist, Product Analytics (Early Career) - USDS",TikTok,70000.0,https://www.indeed.com/rc/clk?jk=5daa2c94e2f4baaa&bb=8571CQqf6CDWYgeoBGSNS8CAFIYsDpXoKEvbhf8JYKFhq1RFZ4w_Xkq9d4mwHH6dzU9ZlLbU46a7RCQg3JVgkA3IGJtp01426_bFeJqTUCeA2JlH_CTSn4PB8mT6NwuI&xkcb=SoCs67M39QgBijAcpj0FbzkdCdPP&fccid=caed318a9335aac0&vjs=3,Data Scientist,Hybrid work in Mountain View,CA
106,Sr. Data Scientist,Schneider Electric,70000.0,https://www.indeed.com/rc/clk?jk=38a3c0d298cf508d&bb=dSRgg_CvgP0E_8zdrIUu5nkH1H7PYmjY-bSyQzlMXM4Yl0E0AoJmABNK1T31m0WOmA9F-VPSrWrIDA9g6FShBtb_bXWjkMdwjdItkw6HORx3wDEiybRQiMjno1F59a4Z&xkcb=SoDC67M39QgBf9yRTx0LbzkdCdPP&fccid=8dc4399ddb463d4a&vjs=3,Data Scientist,Remote in Louisville,KY
107,"Data Scientist, Product Analytics (Early Career) - USDS",TikTok,70000.0,https://www.indeed.com/rc/clk?jk=5daa2c94e2f4baaa&bb=dSRgg_CvgP0E_8zdrIUu5lQfPGqDnFmMGVn1bRoHzYNkqlYmFYj4Zvk82CdWHPmERZruxnarJqUknifP-8nCAlDfvvunbeULnIllgQEyCI8QPGDijnyU_lgqdMyKZGPR&xkcb=SoB267M39QgBf9yRTx0KbzkdCdPP&fccid=caed318a9335aac0&vjs=3,Data Scientist,Hybrid work in Mountain View,CA
108,Data Scientist (All Levels),Noblis,100000.0,https://www.indeed.com/rc/clk?jk=2705e983981f9898&bb=dSRgg_CvgP0E_8zdrIUu5m8DKNZyR95-QBYov-q4OHY4DNmo_itTfuGr-wzBbee-k2uAL8QIPm8KeEdJLCWhl27Ks9sb-4i_dok2Y3Jim2z8OQz6hiV5yA%3D%3D&xkcb=SoDr67M39QgBf9yRTx0JbzkdCdPP&fccid=05d6cb8b919478a9&vjs=3,Data Scientist,McLean,VA
109,Quantitative Analytics Professional - Data Scientist (Hybrid - 3 Days in Office),Freddie Mac,70000.0,https://www.indeed.com/rc/clk?jk=d58d57019107a489&bb=dSRgg_CvgP0E_8zdrIUu5oW3B-VwLcyd-7hoMRp7ua3PemeD_geGytoLOso92_Nk4Bh8V2QX_zfjz1_AQOi87JEHYKwIX3HtvhzLy1CzYfA-V8mnxutQpw%3D%3D&xkcb=SoBf67M39QgBf9yRTx0IbzkdCdPP&fccid=6c9562e858513298&vjs=3,Data Scientist,McLean,VA
110,"Senior Data Scientist, Lodging Pricing",Hopper,0.0,https://www.indeed.com/rc/clk?jk=9eb46982efb36e17&bb=dSRgg_CvgP0E_8zdrIUu5u-6RgT4rPNU2ozqKgcL1EhTQk84QQgoOq2wQj39iM5-5r9SXz3BtlcFnIo4j8Ot7nO_TubBs5FnMLKgezUK_FO7D5EfNlFFwVejWWmOjdRz&xkcb=SoDR67M39QgBf9yRTx0PbzkdCdPP&fccid=71eb96af97fae7e9&vjs=3,Data Scientist,New York,NY
111,Data Scientist,The Swift Group,70000.0,https://www.indeed.com/rc/clk?jk=17aa0c61d430b501&bb=dSRgg_CvgP0E_8zdrIUu5nV4N2RHrkOmuS8LoB8-he2ES4e5uF2QSdHmhY1MGSAm0Ut4G4M61JjGjg3yVwtBhzHN6Vgvv56kgLpfIIT_CnXOuOAwLr85QH2Anse57iUh&xkcb=SoBl67M39QgBf9yRTx0ObzkdCdPP&fccid=13ebb8d3d91f8d2a&vjs=3,Data Scientist,Reston,VA
112,DATA SCIENTIST,The State of Florida,0.0,https://www.indeed.com/rc/clk?jk=828b47af7db5dfda&bb=dSRgg_CvgP0E_8zdrIUu5jfyzZeG3z-IkUJomLTJcUCZJomKG5XjvTAvpJKeqvxzSyIoi3ZdfYD5-xzbv4Q953UTIVGOiiQ-Sn2ViKA1SZGZ6AhkTEBJMTHEs74XdGxN&xkcb=SoD467M39QgBf9yRTx0NbzkdCdPP&fccid=0a10ade3465aa10f&vjs=3,Data Scientist,Tallahassee,FL
113,"Data Scientist, Washington Migrant Asylum Seeker Support",International Rescue Committee,70000.0,https://www.indeed.com/rc/clk?jk=38abdaa77ae75f2f&bb=dSRgg_CvgP0E_8zdrIUu5k77dAgiMCCWNE_LeWtC1UN6wRW9uS62lzsyt-Tw9IZnxiCbCWLY0aeGrAlK5DubtAQ6m-S7J77J9GP8OgmxJwjMFqJkYifZBUZptsIJO_o9&xkcb=SoBM67M39QgBf9yRTx0MbzkdCdPP&fccid=78143039abd7ee91&vjs=3,Data Scientist,Seattle,WA
114,Data Scientist II,Murphy USA,70000.0,https://www.indeed.com/rc/clk?jk=a3b40b50e0d78c84&bb=dSRgg_CvgP0E_8zdrIUu5kcuvZnw7SXtGsGF45eWx4g6lyiKS3TRUvoORNiVlAiaB5-_mEiWRTrG089vKmaTKoJbSTrTMgZL4GH0xsJCi8r4oYYwxMnbcKxRuOspZHLU&xkcb=SoCl67M39QgBf9yRTx0DbzkdCdPP&fccid=750276b65ffe11e9&vjs=3,Data Scientist,El Dorado,AR
115,"Senior Manager, Technical Program Manager - Machine Learning",Capital One,70000.0,https://www.indeed.com/pagead/clk?mo=r&ad=-6NYlbfkN0C3j_zLGvpMLCdiZ0WC46XqVTA1VMZzOzKXPhAXwYlrNUFMD4PZ3AunGrII_Xzx8fFPwzICfP4XsLBCsvIc77viSG4vqzWF_uuTGGtHJIFcyXGiclj_EQ33ewnER4woBWI_C5beQqbD43vR5-S20tvXl-bRE1VfMMmArpDbwFUdAVUGZg0XRleenMl4KhdYw8X1ptOueTN8WdM7KsEYwR7axjOOPfgDfk-Y_xnbCeHf4AGmjCXHHwLqfooReGTgl_xaJjidVShIc6LpZYoE7ptTfd11XuWSMg4yrWYe3xglvP0K9Z6UxFmPxByPtJt-sKF1hQYqEEJI1nQlTAA6Yl3zu4vfRy3obKsVtuWCSayQYPpq9wWg1B3L-PTxNsy31G51gfyzDDShM7aPFg1q7B0BpArWknorBxc8q_xrQUSOOje9wThT37ndrYIXKC6Cc2x3a5HgM-xgJixsIx0faAgs-jEph363njPayZQKxMhgC1ByPohe7HbHtWswQ6bNAVVHX6m53mL1g0wJ2AdTcJLk1SvQwSqabTVTgGUJTldSZ3UsEHSFDN_X_3PZxXwHc-yIytm7E54AI5SW0WUmlNv05CM7g8d0bf4kmwNv3T-o8AQI9vDXMmBe1s_imHiNw25vtK_3r_Ll5Hr2dAJRyJ2mTa_H3FuvyUpRwhHs1aswXpidqvdlpMMEp1g-fKU_fgQQQbA1_lj7kAXrKl9DdGN3MBYPfHfBfl7fyD1I8SLJmu5l7uY65fZER6Cyno8VUnwoyyLH4e78MCJaqVZ3Wu2H3QMHVee4XU7kOGurMINY-0HlPg9CJseIo42Wmn2GeTfazwlg-w_xGTsc5gJW4CMq&xkcb=SoDl6_M39QgBf9yRTx0CbzkdCdPP&camk=4HOcmqOLYrAY9i7xfdbs4A==&p=9&fvj=0&vjs=3,Other,Hybrid work in Richmond,VA
116,Senior Data Scientist,Hibbett | City Gear,70000.0,https://www.indeed.com/rc/clk?jk=66da143a6d04e3ce&bb=dSRgg_CvgP0E_8zdrIUu5mDbCPsS-C5cMspAf1Y7bp6v4YNgFU3EU0XXwm7P23Lm-SXh146nFmIWcceoEnkQ6ytEbqf0aQ1pVU1Phl4LUJ8som5EdXjXsmC-vCZwnkRq&xkcb=SoCM67M39QgBf9yRTx0BbzkdCdPP&fccid=06bc3f2204ca8f12&vjs=3,Data Scientist,Birmingham,AL
117,Data Scientist,Microsoft,70000.0,https://www.indeed.com/rc/clk?jk=909c65cc682ef81b&bb=dSRgg_CvgP0E_8zdrIUu5kCOyM6WYr8C2Cz0Ic3lCqIPzaS7oP7vQjq7W2zD7ZN20HlnCLkbNhIfFeQHSgRNGUhLPUjDHU3BiriHIC2vCgBdwHM6NKZYng%3D%3D&xkcb=SoA467M39QgBf9yRTx0AbzkdCdPP&fccid=734cb5a01ee60f80&vjs=3,Data Scientist,Redmond,WA
118,Data Scientist (Data Scientist 3) - 20196,HII,0.0,https://www.indeed.com/rc/clk?jk=941c71487e8f2ce8&bb=dSRgg_CvgP0E_8zdrIUu5jVT5I153yndmaBuTqmEZRcwPZ4gUJF_rZ1gmvCukzhSkIfd4XgBOxwljsakze877enV_X2ME6bSLGDY9yOFoz4y6TcRzA8JCKIRhYFi_LqA&xkcb=SoC267M39QgBf9yRTx0HbzkdCdPP&fccid=9f2bb83bd9bfe2fc&vjs=3,Data Scientist,Doral,FL
119,Data Scientist,Hubcom,70000.0,https://www.indeed.com/rc/clk?jk=996f242007bf6d1e&bb=dSRgg_CvgP0E_8zdrIUu5j_UUAhbd0b-M6uMyvlYT_Yfht2NZsvbBnPjGmGllBSSc3Azf_PXatgxtVCPokmQmBsldGXgpiCyGK1Cc7q1qjzG1-UGlNn76EYZZeE-1jdO&xkcb=SoAC67M39QgBf9yRTx0GbzkdCdPP&fccid=02eb2164b19627ed&cmp=Hubcom&ti=Data+Scientist&vjs=3,Data Scientist,Beverly Hills,CA
120,Data Scientist,Chickasaw Nation Industries,70000.0,https://www.indeed.com/rc/clk?jk=2ae809d9d49ec55a&bb=dSRgg_CvgP0E_8zdrIUu5qR3znoH4TFC7NcezH2sAS0spFYv_ZAUEJaCckEOqUWoXacY7FsrtwlqJSxejBWmYAufPXbKJtfi75E2veMJIqdtiy7WmBQVttDv1HN9TfqP&xkcb=SoCf67M39QgBf9yRTx0FbzkdCdPP&fccid=935ad9e9ef376f5e&vjs=3,Data Scientist,Washington,DC
121,"Principal, Data Scientist",Alpine Physician Partners,70000.0,https://www.indeed.com/rc/clk?jk=a5eb025ddf377512&bb=wC7y6l0EOJivdeYiUKJVFYZE_cVzBTV6s8GbrtiCIjxMUVz49ZF9cgVzt7G1WUm3ZjwhLu3KN3TFSNZ_e64sV1TOXS6zJ7S4XjRRVJKsj1PmVWCpq0kEm9rzWx0gzPoV&xkcb=SoDv67M39QgBKpw3xJ0LbzkdCdPP&fccid=3e1184af2df208d9&vjs=3,Data Scientist,,
122,Data Scientist,US Internal Revenue Service,70000.0,https://www.indeed.com/rc/clk?jk=af2b9b50c81f32be&bb=wC7y6l0EOJivdeYiUKJVFQvEnnyQaw1qozOuRs3bWwpB3KCkc-AVn8D57MGf2tvyHUo2GxSzk8iUc28ypb0DrcORP-oneEQ2jV_220n6bF7oGoPIfUXXQA%3D%3D&xkcb=SoBb67M39QgBKpw3xJ0KbzkdCdPP&fccid=39ca88c90a37b09b&vjs=3,Data Scientist,Hybrid work in Huntsville,AL
123,Data Scientist,Sev1Tech,70000.0,https://www.indeed.com/rc/clk?jk=f5ac7a651ebc1c97&bb=wC7y6l0EOJivdeYiUKJVFYZE_cVzBTV6l_AQtUfC-TLdaykg5fd0BuZtgB_Qy74aS30-Qtsd8FllriwCMKRBuX8nkJ447V-FiqAVc40lBxHBn4GnIN-ALVCfipcad-Li&xkcb=SoDG67M39QgBKpw3xJ0JbzkdCdPP&fccid=99166376c05f4841&vjs=3,Data Scientist,Fort Belvoir,VA
124,Data Scientist,Andromeda Systems Incorporated,70000.0,https://www.indeed.com/rc/clk?jk=24f9805a5d9412df&bb=wC7y6l0EOJivdeYiUKJVFRhOU9xqqcQ8F_MNPMf4MLjb3N7Arn44y8f7dIVz0mdzyFvWSE0kupT1AQTBo2Im-igh1XAo7WLl3Wp_-8qY-AATLLa13S2iwCL4xxo3b3e_&xkcb=SoBh67M39QgBKoQ3xJ0LbzkdCdPP&fccid=6556943afc7913f5&vjs=3,Data Scientist,Jacksonville,FL
125,Data Scientist Graduate (E-commerce Governance)-2025 Start (BS/MS),TikTok,0.0,https://www.indeed.com/rc/clk?jk=acdeb685b8743f8c&bb=wC7y6l0EOJivdeYiUKJVFRp2dBprX5bqknPvnK931VsKUvmmUXCMkpyl81YB4sXZIbhWuOkrCiTAQABj6v89A3KA_K5tDA67-GRgQx7YVKjGzJRP9PGGjYf-WWEbXJMI&xkcb=SoDV67M39QgBKoQ3xJ0KbzkdCdPP&fccid=caed318a9335aac0&vjs=3,Data Scientist,Seattle,WA
126,Data Scientist,Parsons,0.0,https://www.indeed.com/rc/clk?jk=364143882cdc24b4&bb=wC7y6l0EOJivdeYiUKJVFW3dZJ2Ng8vGS2ZLXV8oqAA8NtCiGaDO-1n04sf3y82MLPz9aHdeWuJNRnDLbF2gFin7R8mVxWL7DkA3xMkO_lQ1Ye_z1hR_o2HOHZEEGNVj&xkcb=SoBI67M39QgBKoQ3xJ0JbzkdCdPP&fccid=e8f998ddd15bac9c&vjs=3,Data Scientist,,
127,"Staff Data Scientist, Dashboard Analytics",Square,70000.0,https://www.indeed.com/rc/clk?jk=cf36a472e251825e&bb=wC7y6l0EOJivdeYiUKJVFTGMUISo0fhyBVlE24njCmd4-ZnBbpzTPhWlfbSbu--dL8FPQsR51yx0MnLDTM2Di2Svo1ugJqBLNtovk5_Y0AkomaLIsuSjrNHc_f15Laun&xkcb=SoD867M39QgBKoQ3xJ0IbzkdCdPP&fccid=6f1129ccfbf5c9e9&vjs=3,Data Scientist,San Francisco,CA
128,Sr. Data Scientist,omega solutions inc,70000.0,https://www.indeed.com/rc/clk?jk=8109a1ef6d8c9fef&bb=wC7y6l0EOJivdeYiUKJVFbNPoeLyW9FT0PttaEpVUhSIZ6gqB-HO5KzdFGVV2YuyTIOBm3JzWEC7srQwGnTnUbTlrZUM58U6dFUUu5ZVZJIGQaBJSufmDNHgtyQXFwBF&xkcb=SoBy67M39QgBKoQ3xJ0PbzkdCdPP&fccid=9e399301940ed66e&vjs=3,Data Scientist,Santa Ana,CA
129,Data Scientist,Yale University,70000.0,https://www.indeed.com/rc/clk?jk=bd2339bf9e1d0ecd&bb=wC7y6l0EOJivdeYiUKJVFZM8n0FsWNXqtffZV5J8GjtxrMgkbYY3wnMMq1NU0KEfx4rCRTBhy3h8WOFBjB2TTWJ6E1qxET8Ted4xJv1BH3fahCix12-PQg%3D%3D&xkcb=SoDG67M39QgBKoQ3xJ0ObzkdCdPP&fccid=24aa47c814aee6e7&vjs=3,Data Scientist,Hybrid work in New Haven,CT
130,Lead Data Scientist,STLogics,70000.0,https://www.indeed.com/rc/clk?jk=4284a1fa63a29edd&bb=wC7y6l0EOJivdeYiUKJVFaQWEqT2ZaOlgp78U0WS9gsKpL2p18vYR-cvuc8HZK-bbrIss5_UnG8J9b1Gz2PKMiQZfoAaL0BzfZdS3CDFw9HLWvyXmwNBJlHJ36WR2Uvi&xkcb=SoBb67M39QgBKoQ3xJ0NbzkdCdPP&fccid=67fd5ed73fbc9625&cmp=STLogics&ti=Lead+Data+Scientist&vjs=3,Data Scientist,Hybrid work in Indianapolis,IN
131,Senior Data Scientist,2U,70000.0,https://www.indeed.com/rc/clk?jk=2af83b8b37c62f24&bb=wC7y6l0EOJivdeYiUKJVFWnB4OzeE96A_3Icv4BlaJ33zAkT3fDaRpP15wlBlfsUTFDhIOjSAiOCADKB87e3NXfjNKXIPEik-dVTSXzuA0uXWfFSbLGvv9Kb0f-qT_ov&xkcb=SoDv67M39QgBKoQ3xJ0MbzkdCdPP&fccid=8f236bae1b36b1dc&vjs=3,Data Scientist,Lanham,MD
132,Data Scientist,Southern Glazerâ€™s Wine and Spirits,0.0,https://www.indeed.com/rc/clk?jk=e878609eeb3635b5&bb=wC7y6l0EOJivdeYiUKJVFTGMUISo0fhyqvRRuwK8teYIXa5DK7k6jqWmtwQaZSG7XaZLrTtG6xbbeFPgc7yzKdvbqNA5kabQmbBlRsSoM2JNZJk10eE9lTUj14LAHt-p&xkcb=SoAG67M39QgBKoQ3xJ0DbzkdCdPP&fccid=52a28443b9a60e8d&vjs=3,Data Scientist,Miramar,FL
133,Data Scientist,Syntelligent Analytic Solutions,70000.0,https://www.indeed.com/rc/clk?jk=c3a1da24ca8520ce&bb=wC7y6l0EOJivdeYiUKJVFQSFTc-Bb5Z7ZWOGAVhoMUNT0XuEhQf0iRwbKgZ_6WqUmU-zZcfeLqux6xKdrt2d9ZPpbPr7yX7Lq9zUWzGopGdptyjBYOfPdYc2Z08eOfTG&xkcb=SoCy67M39QgBKoQ3xJ0CbzkdCdPP&fccid=025f5fd370e93345&vjs=3,Data Scientist,Washington,DC
134,Data Scientist / Project Manager,PlantSustain Inc.,70000.0,https://www.indeed.com/rc/clk?jk=1f51d87ca2ba837c&bb=wC7y6l0EOJivdeYiUKJVFVjMbvHofV9WEX5v6HBK5RDoyYg1_erhIaLf1uJzYJBQcu01gZIYf92iOs3rJo5GbrcUh3fsEz8ey71Rn2-DP-SK0D_WHGk8KX8smLZb075P&xkcb=SoAv67M39QgBKoQ3xJ0BbzkdCdPP&fccid=f4c32291f4d3110d&cmp=PlantSustain-Inc.&ti=Data+Project+Manager&vjs=3,Data Scientist,Danville,VA
135,Quality Data Scientist,BlueOval SK,70000.0,https://www.indeed.com/rc/clk?jk=64ede6d617db809c&bb=wC7y6l0EOJivdeYiUKJVFRLX3rVVFcMPQywO4BCIXXMqdNuNMZrw3DQeBVNigAIQW_7iSQYNzpsFDHl8D3-mW69Mlt8g3F2isHEHOjIjQbQwFVv_iAistmiHWAR7tRpi&xkcb=SoCb67M39QgBKoQ3xJ0AbzkdCdPP&fccid=50c3d43518e90183&vjs=3,Data Scientist,Stanton,TN
136,Principal Data Scientist,MEDSTAR HEALTH,70000.0,https://www.indeed.com/rc/clk?jk=ddf21fec3dba48f3&bb=qmMNNs4mJ3JnEqzMOo7PPPQeYRt6tcT0KSB3c0GoXm8b-lrXMwkgr2xn1Niy4W1uBSyQl64Zlk5UNzdkuMKbG8KlV6TZQnDJWxRX8Lrz9Lo7Zf-r-lcGgg%3D%3D&xkcb=SoAF67M39QgA4YwGrJ0LbzkdCdPP&fccid=15052e463273cdf3&vjs=3,Data Scientist,,
137,Data Scientist - Forest Futures Lab,Cary Institute of Ecosystem Studies,70000.0,https://www.indeed.com/rc/clk?jk=9db3b8ba1371339a&bb=qmMNNs4mJ3JnEqzMOo7PPN8IJcusNk5A0-Fctnqt61qTZMOs7NpQAJn9nlAnsPGBodrxnA0wGCnL8WtU_f8JgdPAkT2Mk2cnbxla_1fAEP63tpMyVeDCYJ5eI3qTbqmu&xkcb=SoCx67M39QgA4YwGrJ0KbzkdCdPP&fccid=fcdc402e300b6775&vjs=3,Data Scientist,Millbrook,NY
138,Data Scientist,Metropolitan Police Department,70000.0,https://www.indeed.com/rc/clk?jk=22ea9471a8e955ff&bb=qmMNNs4mJ3JnEqzMOo7PPETTb04GznbKK80d4NlWbafJsQq4hf0hzoScxn5qmF8PTtwPwMcPbPDpp-mFn9_jhcJIEgwdiafMs6oYq8NPRoBsU47hd5OvPX3DzkcNLDYE&xkcb=SoAs67M39QgA4YwGrJ0JbzkdCdPP&fccid=6def73afac1541ee&vjs=3,Data Scientist,Washington,DC
139,Data Scientist II,University of Rochester,70000.0,https://www.indeed.com/rc/clk?jk=6eea4b355329a0a4&bb=qmMNNs4mJ3JnEqzMOo7PPBMyZkhCOit2pVzrD4-S6_5Bp_M4_5glS7dBkEsbjTTJAEeB4q2uB2O7Om3tdh3HrpIQOSayiFf_6oToRJbpmviWgRPk7to8WGIXaQ8GbVsV&xkcb=SoCY67M39QgA4YwGrJ0IbzkdCdPP&fccid=92278e592a11e3a5&vjs=3,Data Scientist,Rochester,NY
140,Platform Data Analyst,Reveleer,70000.0,https://www.indeed.com/rc/clk?jk=aedb527fc5023e31&bb=qmMNNs4mJ3JnEqzMOo7PPAVbNUtQAwPk0rnRHUffDeOu35F6Ee3g84zr_y-Ehs8vShg2mRnL2-y2BuxVxOR7z-faGmjBBQ1sZ1V5gcLhKGUViO-1ut6B1vYUuvjhSU-a&xkcb=SoAW67M39QgA4YwGrJ0PbzkdCdPP&fccid=9a4203cb5eab1466&vjs=3,Data Analyst,,
141,Data Scientist,"Ingenio, LLC",70000.0,https://www.indeed.com/rc/clk?jk=436eae1acb0ccbea&bb=qmMNNs4mJ3JnEqzMOo7PPN8IJcusNk5A9A5Fs6W-4C-0tXlKqa7XhEI-XUTPAnSCJfu2yJhj4kJEn5q696zVQM9ajOBRyP3il5DGOi0C0dN1ICtPTvqeI_uO98WmEG3P&xkcb=SoCi67M39QgA4YwGrJ0ObzkdCdPP&fccid=5f781a1a9a15d952&vjs=3,Data Scientist,,
142,Lead Data Scientist,PayPal,96000.0,https://www.indeed.com/rc/clk?jk=0895c1eb1312a931&bb=qmMNNs4mJ3JnEqzMOo7PPEiv6qWxyzURB9ZPEcLRKH0GzjA1ODbOula64fFgNDufzv1HPXIdis-NW9vHx2UmKVuHLcc467D87KdK3cGP1AEWK4BgBHm6Dw%3D%3D&xkcb=SoA_67M39QgA4YwGrJ0NbzkdCdPP&fccid=978d9fd9799d55a8&vjs=3,Data Scientist,Hybrid work in San Jose,CA
143,Data Scientist With Graph,Woodiewin Technologies,70000.0,https://www.indeed.com/rc/clk?jk=b4a80990efef893e&bb=qmMNNs4mJ3JnEqzMOo7PPEEkN7JSkdzboSlbtCvDHcLVBpthmtqu-LbUfihGCm0yel-HtWFc4P20UCWOorO7e5WqVjEd1woFpuKEGSFth1Z3D8yExUIMK5mTR45cm0md&xkcb=SoCL67M39QgA4YwGrJ0MbzkdCdPP&fccid=024b5df0dc156d9b&cmp=Woodiewin-Technologies&ti=Data+Scientist&vjs=3,Data Scientist,Plano,IA
144,"Big Data, Data Scientist and Visualization Specialist","NextEra Logic, LLC",0.0,https://www.indeed.com/rc/clk?jk=f8eaaf08ecae08bb&bb=qmMNNs4mJ3JnEqzMOo7PPDYPpXh7ZCfVjjlF8rOGONlwr4Az2_N1kZn3PTzT1DTZEnN595IKnX1XZByqWq9WX1cGX2lPy6ajVAkzEOO_uKEOgL35AaIB5vJleTxgYVl9&xkcb=SoBi67M39QgA4YwGrJ0DbzkdCdPP&fccid=b8eec0c5106a2511&cmp=KTRIAN-Solutions-Private-Limited&ti=Data+Scientist&vjs=3,Data Scientist,Washington,DC
145,"Senior Data Scientist 2, Biological",Eikon Therapeutics,70000.0,https://www.indeed.com/rc/clk?jk=55095e782ff6befb&bb=qmMNNs4mJ3JnEqzMOo7PPAVbNUtQAwPkxCdgKziKZPce0qT0TnzSukDcaCTXd_eZP8lqhzZf9VOcefQA5MkWkEHws6l7G1AbE-pzesk73q0ocRxG-eJAdgOD5iypObcl&xkcb=SoDW67M39QgA4YwGrJ0CbzkdCdPP&fccid=c36ab81177bb3198&vjs=3,Data Scientist,Hayward,CA
146,"Senior Marketing Data Scientist, Marketing Analytics (Tinder LLC (f/k/a Match Group LLC), Dallas, TX)",Match Group,0.0,https://www.indeed.com/rc/clk?jk=ed4c0a603b8eeedb&bb=qmMNNs4mJ3JnEqzMOo7PPFAaWnsXixEccBYvOzxaVhHXD8fdb-P0wDi2Xn9JdqD2vjWlUM6BnZT25WKtwXjnv7cub9MpTJEzDnpqibMzc09TfR4cgBOEfnJzpPZorrLh&xkcb=SoBL67M39QgA4YwGrJ0BbzkdCdPP&fccid=47feb0effe4ed4f2&vjs=3,Data Scientist,,
147,Data Scientist,Metric5,70000.0,https://www.indeed.com/rc/clk?jk=31f0ffcdca182ffb&bb=qmMNNs4mJ3JnEqzMOo7PPObYHzQTfOaoqXZfys1kkvBsYDHnwiwtAd-WnYmX6d0k3uuegtiwrzNvLOYjl-1N-O7nzPVK3p_n_HtmUFZ1bo1ggJN_w02QCvtkG0EU1KZM&xkcb=SoD_67M39QgA4YwGrJ0AbzkdCdPP&fccid=b3052253a9bda869&vjs=3,Data Scientist,Reston,VA
148,Senior Data Scientist,Providence,15000.0,https://www.indeed.com/rc/clk?jk=e7115552a42ce70e&bb=qmMNNs4mJ3JnEqzMOo7PPDEB1mD5v8SvwocBB6lDK6PQ5Kvh5lH7kfNyyf7BJ8ekPZJjiVcu7wnN6CUZ9qEnbLI1zOzfAw7hJ9013ex7D-TT7mXyr1vjmg%3D%3D&xkcb=SoBx67M39QgA4YwGrJ0HbzkdCdPP&fccid=84c8ed4c8205d753&vjs=3,Data Scientist,,
149,Data Scientist,Caterpillar,70000.0,https://www.indeed.com/rc/clk?jk=c25b1296f9579f73&bb=qmMNNs4mJ3JnEqzMOo7PPDrawcq94BPLtAp8xJjn8nvGsxER7AaNDTbRN6qqWwWeI4BrM6ZQMSUS4AVBJBho9HAh8FHDBdMJ4SWUWUQ3ELlqy2teXBuhVA%3D%3D&xkcb=SoDF67M39QgA4YwGrJ0GbzkdCdPP&fccid=d723225da214c842&vjs=3,Data Scientist,East Peoria,IL
150,Data Scientist III,University of Southern Mississippi,70000.0,https://www.indeed.com/rc/clk?jk=8f8ff57d1deebd23&bb=qmMNNs4mJ3JnEqzMOo7PPEiv6qWxyzUR5f5-oZiJom5nVsUuW17DUNIY8-OzXAjyyyvapsk93-Vj_3TK7mt9FQ0L9RCtEkWAMH-p1uMV2hKl3pJ1Uh7tjvwtzKo_dBGW&xkcb=SoBY67M39QgA4YwGrJ0FbzkdCdPP&fccid=2c6c7e36b60d49f4&vjs=3,Data Scientist,Gulfport,MS
151,Data Scientist,Booz Allen,0.0,https://www.indeed.com/rc/clk?jk=d894e3b88c67e22f&bb=6Sx346lsXZetB7jcXr6_JP5Vk1nDy3HziHExqYWwkeZinyfEGZ9IrWz8vRTeZpq4pOOPhlfh7PQvQdXnOQo-atCyvLQJ53LLEPcUZrHx5WJ4iv6FPGKBzPBjzwDOuTI2&xkcb=SoC267M39QgATLzdW50KbzkdCdPP&fccid=4e041af1d0af1bc8&vjs=3,Data Scientist,Norfolk,VA
152,"AI Data Scientist - Indianapolis, IN",Company: Bureau Veritas,70000.0,https://www.indeed.com/rc/clk?jk=8fe12bd7cbc45601&bb=6Sx346lsXZetB7jcXr6_JFntGwKumYO0RWxD630Vst-6icxBD54E1LPe7wq4IZxOtHPBN-tVqyDVkavZGqJjmb3GA1RdGCVbSXz2oLTXfq4znJiMNpgWSLdlhKyWfYcp&xkcb=SoAr67M39QgATLzdW50JbzkdCdPP&fccid=fdd8787d3dc18c3e&vjs=3,Data Scientist,Indianapolis,IN
153,Data Scientist,Queens District Attorney's Office,70000.0,https://www.indeed.com/rc/clk?jk=179e2eecb4cb63eb&bb=6Sx346lsXZetB7jcXr6_JD5VH5VEETpAJheQIL15okhUGeqEZa4P8mIqhdjZlI0bOJiwzefF3WfSis2hm6IFxOeOmC8YbX-8SMEB1QfsYYwFNJLfsk4-96LNK08k0G3i&xkcb=SoCf67M39QgATLzdW50IbzkdCdPP&fccid=2cbaae216304279f&vjs=3,Data Scientist,Kew Gardens,NY
154,Cybersecurity Data Scientist,Empower,0.0,https://www.indeed.com/rc/clk?jk=63b6b4edce3fe624&bb=6Sx346lsXZetB7jcXr6_JAQBDDBr9ag5QUA1vumnmAa8GGSVLyLBWT-zXU2OTsd2J8fKqh-A46Y5yew-a7_w17bW5NMjESm1xZhvNOhUErVcUU0mEc_QGQ%3D%3D&xkcb=SoAR67M39QgATLzdW50PbzkdCdPP&fccid=796b5a2c2fc5984d&vjs=3,Data Scientist,,
155,Sr. Data Scientist/Analytics,Drury Hotels,70000.0,https://www.indeed.com/rc/clk?jk=14fc5e552dc194b1&bb=6Sx346lsXZetB7jcXr6_JOMPueHnGJ4cSVICZGTO319VV14DBTeFYzj9vO2wpGdZnx9pc8PW76IiD8-mGD2apeJwYEa9hau4VRUWI_wG7V9w527GiXoZhQ%3D%3D&xkcb=SoCl67M39QgATLzdW50ObzkdCdPP&fccid=5afb4f1cb9fff34f&vjs=3,Data Scientist,Louis,MO
156,Senior Data Scientist - Economy,ProFocus,70000.0,https://www.indeed.com/rc/clk?jk=95063a1ec787e02e&bb=6Sx346lsXZetB7jcXr6_JFm8ORSoIpPCJ8fE-ZoEM5YSQK5M6k1fFmtyM5u2H1XhRFmj29H-gbsncoUZUc9EgWz0nqblaEtYIIEhIe2qoWRQR3OBY7NfQyn5mMRQbGZA&xkcb=SoA467M39QgATLzdW50NbzkdCdPP&fccid=159e4bd46ffbb441&vjs=3,Data Scientist,,
157,Senior Data Scientist,Atlassian,145000.0,https://www.indeed.com/rc/clk?jk=4f78057069a1536d&bb=6Sx346lsXZetB7jcXr6_JIZCvOvilRciW9u969ifqY00fGdzPSSbu07X-XL-ujoDOADecE56SfXpwzFF8B9qTomfaPidbjdnFEXFjYJd6OmHmnGbze0jnc7tt4FljbHd&xkcb=SoCM67M39QgATLzdW50MbzkdCdPP&fccid=e6d4ba9e2cfe7902&vjs=3,Data Scientist,Remote in San Francisco,CA
158,"Machine Learning, Senior Data Scientist",Envision Pharma Group,70000.0,https://www.indeed.com/rc/clk?jk=1683f63e7ab16f0b&bb=6Sx346lsXZetB7jcXr6_JKJBIzoXkXBX1pMd0O-iI8rdaCiQNAFFF_GHWrSMtx4VLKUXiX6x263K42WW9VRP-mgRLLhyLovxkhClEYU9NWLzKWMkBX1r0n1vq9C3XdeN&xkcb=SoBl67M39QgATLzdW50DbzkdCdPP&fccid=7b7d3bfb8f5257f4&vjs=3,Data Scientist,,
159,Data Scientist,Fusion Innovation,70000.0,https://www.indeed.com/rc/clk?jk=6dfab58b3c9c4f10&bb=6Sx346lsXZetB7jcXr6_JHBrp8VKj-ATpS7yrzOmZh2WCY-zpp4Tnq5lNQNBojUy6_AXTvM7U0763VPtFglclK9rerLeNf5lmxLYcChcu0SPQDJ_rPutpBFHgsn-F1A2&xkcb=SoDR67M39QgATLzdW50CbzkdCdPP&fccid=6d92bfd1430e8fa4&vjs=3,Data Scientist,Tysons Corner,VA
160,"Data Scientist, Translational Sciences",Neogene Therapeutics,70000.0,https://www.indeed.com/rc/clk?jk=02cfd645a3325fb3&bb=6Sx346lsXZetB7jcXr6_JPOQi24_4ddG-h6az-l6yBIaJDX6OFlmdcO1Ab6cZmqlIT3Su5kgeIQyppKHv3AjiB-3l3YwG6d1V6zEkF1YYYRhDD4FwWFQKG1cl-NbwAPo&xkcb=SoBM67M39QgATLzdW50BbzkdCdPP&fccid=f8f435b753fe4c72&vjs=3,Data Scientist,Santa Monica,CA
161,"Data Scientist/Sr Data Scientist, IT Operations Research and Advanced Analytics",American Airlines,70000.0,https://www.indeed.com/rc/clk?jk=2ec4dd3a53dbede2&bb=6Sx346lsXZetB7jcXr6_JOlbGu9Fquq2IxtEUX6gaGTpxCrayTwamAlHf17dwbbbiPGd2hKZCCW_3RXnx5gbtOQlfy38562Q-WHD30s5sY6YLWtfTtTmbQ%3D%3D&xkcb=SoD467M39QgATLzdW50AbzkdCdPP&fccid=b445cea762cc7d0d&vjs=3,Data Scientist,Dallas,TX
162,Data Scientist II,DISH,111000.0,https://www.indeed.com/rc/clk?jk=cb5b4d9d82fed685&bb=6Sx346lsXZetB7jcXr6_JPOQi24_4ddGnU0Oe0AKbq5fCGOvBYOSeM1RxkrZKHHp8bvdTMv5FJRHmuN72HrLVbzjKvhD1Jm1vgcZSyAfIW1PZmY0mDrQJw%3D%3D&xkcb=SoCM67M39QgATKTdW50LbzkdCdPP&fccid=3c371b712ace44cf&vjs=3,Data Scientist,Littleton,CO
163,Senior Data Scientist,Absolute Business Solutions Corp,70000.0,https://www.indeed.com/rc/clk?jk=4ff40d5bedab5592&bb=6Sx346lsXZetB7jcXr6_JIBDSiglBDadiXmsyabHJJUULC4J2fO7tEdF2RXaq6Y9OC-oeE3SEci7nTsNIGZX9trk5GKN78jhBtOUz-ju6r8Hzz-_DyL67yFC-PcyJy5j&xkcb=SoA467M39QgATKTdW50KbzkdCdPP&fccid=38629d05bffbd4ae&vjs=3,Data Scientist,,
164,Data Scientist - Marketing Mix Models,Verizon,0.0,https://www.indeed.com/rc/clk?jk=f258328681491073&bb=6Sx346lsXZetB7jcXr6_JNIY-J8NEhfY5tbDFpzG96SKpxys6u1UeX6_g_JgmxCXqX-H08AKooVve7kD8YENiTPrMDtjI0fGpRxHwnY8DKlbooFt3f5quw%3D%3D&xkcb=SoCl67M39QgATKTdW50JbzkdCdPP&fccid=f7029f63fe5c906e&vjs=3,Data Scientist,Hybrid work in New York,NY
165,Senior Data Scientist,Mastercard,0.0,https://www.indeed.com/rc/clk?jk=a362f8d338b5efc7&bb=6Sx346lsXZetB7jcXr6_JM6ua-eiOXAJf0z8V-axADrBuAQoLAvXIcQrwvCzP3C6U9kyBnJ6wbejz7AZGiSwVH5SaU9-khWZxdcPhWYciIq_fM8nOAlB0g%3D%3D&xkcb=SoAR67M39QgATKTdW50IbzkdCdPP&fccid=10b5c722d846df43&vjs=3,Data Scientist,Fallon,MO
166,Machine Learning Scientist,Best Buy,100000.0,https://www.indeed.com/rc/clk?jk=6821f3d6883caa56&bb=_yTbh8DWgfx5PSEBKLMc5Rwc_db57cIQShCYG_0pVDhpt9pegNeN1jjKdXXijQAM98Fim975rAwg9XDgW9X6zo_jeXnCr0bp7hc_BCcUQgSWR6Uy2pSLow%3D%3D&xkcb=SoD867M39Qgf1uSinR0LbzkdCdPP&fccid=027d7cca25a5d14f&vjs=3,Data Scientist,Minneapolis,MN
167,IT Data Scientist,Costco Wholesale,70000.0,https://www.indeed.com/rc/clk?jk=62211e91cc70ab03&bb=_yTbh8DWgfx5PSEBKLMc5QfRt0ZNWwm1OrZt8s-_M72RuAySzaw3QKZ5Eupj9Zx2heG0WW6pAmU1xaci8qPa3zXtomQlWUapLsMkcAAkgSS-B4ggb9ouwQ%3D%3D&xkcb=SoBI67M39Qgf1uSinR0KbzkdCdPP&fccid=9b77e2b0ccfb3838&vjs=3,Data Scientist,Seattle,WA
168,Data Science Team Manager,"Arch Systems, LLC",0.0,https://www.indeed.com/rc/clk?jk=e7fced2c1a87f596&bb=_yTbh8DWgfx5PSEBKLMc5YwBuLPjNMALuU_f3Q3xxEcgxrk8kVBgmwPwS9DIMusRuiApi5lSVOzouEKNUtlIW3uBf0OPQlCuCRkaJ19dtv1gFjOpUs8yJRobml4Hik02&xkcb=SoDV67M39Qgf1uSinR0JbzkdCdPP&fccid=894e1a349d031ee7&cmp=Arch-Systems%2C-LLC&ti=Data+Science+Manager&vjs=3,Data Scientist,,
169,Sr. DATA SCIENTIST,Intone Networks,70000.0,https://www.indeed.com/rc/clk?jk=be575d334ebcb357&bb=_yTbh8DWgfx5PSEBKLMc5UOLv08UNztFisorSx47JfuTwAaEkyGblkazCn2MfcHspL40tuB3ZIrpulWVhIVBO9zVwcQ7BF44QqCW9GNTgWYh7FPjsqBaX29PN6YgM9ga&xkcb=SoBh67M39Qgf1uSinR0IbzkdCdPP&fccid=3ed0572c448b2368&vjs=3,Data Scientist,San Francisco Bay Area,CA
170,Junior Data Scientist,Logistics Management Institute,70000.0,https://www.indeed.com/rc/clk?jk=cde62cbd285b87d0&bb=_yTbh8DWgfx5PSEBKLMc5fNJdpUpqs5Q9vsDnQiEhTH8OMAMuNjiOdWS_TUwp1Jp9jvUE8FQNz2m0NrGBUQuVlPYCkk6vPE9VuNIEh5esLynLky7PDiBD3NR1QZxC5Sq&xkcb=SoDv67M39Qgf1uSinR0PbzkdCdPP&fccid=12626f295bf6a003&vjs=3,Data Scientist,Washington,DC
171,Statistical Programmer,Katalyst Healthcares & Life Sciences Inc,70000.0,https://www.indeed.com/rc/clk?jk=cd7399b42324264a&bb=_yTbh8DWgfx5PSEBKLMc5X4aloalWGLDCQOwTCS1kzj4Zl_0wRk9uR91RwT-Wrc_IxgH_aEs1bAx3L-UXe_GSIqnKnD9cFwZvMkngAmeyuVeaHdec8THrOubyC9sqIEX&xkcb=SoBb67M39Qgf1uSinR0ObzkdCdPP&fccid=dc5c61edeb46c5c7&cmp=Katalyst-Healthcares-%2526-Life-Sciences-Inc&ti=Programmer&vjs=3,Other,Trumbull,CT
172,Senior Data Scientist,American Dream Auto Protect,70000.0,https://www.indeed.com/rc/clk?jk=ea95153fa9350a6d&bb=_yTbh8DWgfx5PSEBKLMc5WNF6Cp57ThcytVdIPhs2rXs-REFA_XbFhsl4xia7YKPeQKf3c35omlwvVF1Jyx9m4flx5uw9RqbO1g23qXa82PZ3hk0VPQUHx4i7B6Fu8aT&xkcb=SoDG67M39Qgf1uSinR0NbzkdCdPP&fccid=674d530a3e98f981&vjs=3,Data Scientist,Edison,NJ
173,Multi-Modal Computer Vision Data Scientist,Aicadium,0.0,https://www.indeed.com/rc/clk?jk=5d852fdc5fbd9a48&bb=_yTbh8DWgfx5PSEBKLMc5eF-j2eIj_9Wxkacy6kV_DPd41SbEQCV4oxrwghpvhXeoakQnDTk_LWl_GsrdZlnclqT2bcfmXdaOy3NDH5cYvmbtxdpPbGElLWcDoKjpP4j&xkcb=SoBy67M39Qgf1uSinR0MbzkdCdPP&fccid=be792793a15e9bf4&vjs=3,Data Scientist,Hybrid work in San Diego,CA
174,Data Scientist,Peraton,0.0,https://www.indeed.com/rc/clk?jk=8ac7b7215dc62828&bb=_yTbh8DWgfx5PSEBKLMc5ZZrHD05dWLA9vZ6-lLovbIjVCW0SelfUgPdS94sBOzOxUH-Z9xm9I1E8gSVIQ2rXGtLLbV6HCKUkSLHqv5mZihldD1dX_rvd4HhGjYHa4z5KurMVQtWDmM%3D&xkcb=SoCb67M39Qgf1uSinR0DbzkdCdPP&fccid=7dc8be9efe945d3a&vjs=3,Data Scientist,Doral,FL
175,Senior Data Scientist I,AbbVie,70000.0,https://www.indeed.com/rc/clk?jk=ecc4a41e2564f907&bb=_yTbh8DWgfx5PSEBKLMc5dYETo27wHCgOWdJxldhIcmKUkuvZ4dNQXNZX_gVqtOxBYq3dK4pobLnquMIcIik4FpqcdO2s4F7nas8oM0mBob7W0KSEoka9aqvxWjXbb7W&xkcb=SoAv67M39Qgf1uSinR0CbzkdCdPP&fccid=a3b51ece17c02aae&vjs=3,Data Scientist,North Chicago,IL
176,Staff Data Scientist,Adobe,140000.0,https://www.indeed.com/rc/clk?jk=66530d1980eae494&bb=_yTbh8DWgfx5PSEBKLMc5dAP9KGb04lpBnFKrWlOd8f5kEdVhV_sN_eWPCmpNt-23n5FnjLK-glnrONcflWfijJBnVZ9usHgvrHGWGIWlfDmc1VjZkxT5g%3D%3D&xkcb=SoCy67M39Qgf1uSinR0BbzkdCdPP&fccid=f89deb5a97c7738a&vjs=3,Data Scientist,San Jose,CA
177,Senior Data Scientist I,FIS Global,115000.0,https://www.indeed.com/rc/clk?jk=7656868ba4466a57&bb=_yTbh8DWgfx5PSEBKLMc5a2C_OY7qSOyInZialsT4BJrbfrJYojNcexNr7h6i1ldwRYNiTISEL7rX2M7SuhquwnqAKc4kRg55DU8PIBtKqv6YhJzoOlYn9RFA6P0GCvi0vmHwiHfdr8%3D&xkcb=SoAG67M39Qgf1uSinR0AbzkdCdPP&fccid=74e36d81c894b4b7&vjs=3,Data Scientist,Seattle,WA
178,Senior Applied Data Scientist,dunnhumby,70000.0,https://www.indeed.com/rc/clk?jk=d89dbb9e4c968a1b&bb=_yTbh8DWgfx5PSEBKLMc5XX_L0sRDckXTL0hZHqJAeu_vpkMHlJ07Ru8V2NgwXAAYzsiec-bwg73C7ptEIP-KfxaJrkPTPAiYBuTyVr3K8WuUjYe55fVmQ%3D%3D&xkcb=SoCI67M39Qgf1uSinR0HbzkdCdPP&fccid=36801496409e6dc9&vjs=3,Data Scientist,Bentonville,AR
179,Data Scientist,"Spalding Consulting, Inc.",70000.0,https://www.indeed.com/rc/clk?jk=34e005c77c7c238a&bb=_yTbh8DWgfx5PSEBKLMc5SkEAy308Sce3TlAyQr_DwPPKq5gDxV7s-4IJT8u1Cu6FKWy-P2hGM6BJ7aHRNeOZGs5DppCT8k-rKK1VY5XbbqQ6UuejYuhHKO5RtNnzHVB&xkcb=SoA867M39Qgf1uSinR0GbzkdCdPP&fccid=562ad1eda1480227&vjs=3,Data Scientist,Havelock,NC
180,Senior Data Scientist,Finfare Inc.,70000.0,https://www.indeed.com/rc/clk?jk=5a25ff1723fb3f3b&bb=_yTbh8DWgfx5PSEBKLMc5S3VcAteG8xki-HG3MfqKdfgDXASHROSDub1X2MJuHNLiHfNXnQopkqVftJrimSckzLUjE3MrfYQqavAmQfsn_TZHi_L10OqVrJKTrd0vEic&xkcb=SoCh67M39Qgf1uSinR0FbzkdCdPP&fccid=0243b5fe2f5d1e77&vjs=3,Data Scientist,Hybrid work in Irvine,CA
181,Senior Applied Data Scientist,dunnhumby,70000.0,https://www.indeed.com/rc/clk?jk=d89dbb9e4c968a1b&bb=mgycfPK9_NGSFxIddebKuh2bIN8AwTlJ_3vnHGk3FQ7HRIy62rVQ068g8y1JOCwcc7zTmx43YxEi8t-W8xCVoMaDRt5ny_XY6sOW3MYcsIZAVnbhKI1KjA%3D%3D&xkcb=SoD067M39QgfgIQ2050LbzkdCdPP&fccid=36801496409e6dc9&vjs=3,Data Scientist,Bentonville,AR
182,Data Scientist,"Spalding Consulting, Inc.",70000.0,https://www.indeed.com/rc/clk?jk=34e005c77c7c238a&bb=mgycfPK9_NGSFxIddebKur0_9EYhCod31hvYiLbNDp4cR-o3dlOdtptb_TuRPcZcR_swopMXoOkA6EsrTdTxvz9ziyAWviIEG6PFYwesfyYKdlionWBORD4hQW7f_UJT&xkcb=SoBA67M39QgfgIQ2050KbzkdCdPP&fccid=562ad1eda1480227&vjs=3,Data Scientist,Havelock,NC
183,Senior Data Scientist,Finfare Inc.,70000.0,https://www.indeed.com/rc/clk?jk=5a25ff1723fb3f3b&bb=mgycfPK9_NGSFxIddebKui7t0Ma3czaQhw9SDoM_JmVBVVjn1mvsn45eK5WBz5y7ha8wZM8atx7zUE2kKWgF83mZtJMAQSqrAiTivzS-ZEYztwSlohJI_zP03GuGFPu5&xkcb=SoDd67M39QgfgIQ2050JbzkdCdPP&fccid=0243b5fe2f5d1e77&vjs=3,Data Scientist,Hybrid work in Irvine,CA
184,Data Scientist,Associated Bank,70000.0,https://www.indeed.com/rc/clk?jk=e00944b80794b058&bb=mgycfPK9_NGSFxIddebKug9AEWQ1h4_zFw_II01onedQPA5h5fwBQ8wgECLJGEOcN3agcC3oWLVmuty5V0F20MT7u8fdtIKFemPID51BUrmab42rHfk1OA%3D%3D&xkcb=SoBp67M39QgfgIQ2050IbzkdCdPP&fccid=c0386215ca040126&vjs=3,Data Scientist,Milwaukee,WI
185,Senior Data Scientist,CEDENT,70000.0,https://www.indeed.com/rc/clk?jk=449a488cb68f302d&bb=mgycfPK9_NGSFxIddebKuqHmytmLmuHdT-eY_zeGW72ldbPrHbipzNZQE_n88L_nDknnfChLMJyNyNf3_-MeNQbK0oy1FC4GPhQPJ6dK0-77b01_Oz1F-ha2b1vO4G7q&xkcb=SoDn67M39QgfgIQ2050PbzkdCdPP&fccid=2ecf4575019bf07a&vjs=3,Data Scientist,Deerfield,IL
186,Data Scientist - ITS,State of Idaho,37000.0,https://www.indeed.com/rc/clk?jk=f0e16831e412bbd5&bb=mgycfPK9_NGSFxIddebKuiJCt7Fsqd5yRlES6nZtRyTjQNPhKIsaaNILf_0zj7qMDajnXVmWiHROQBA0_-uJWYdWY5G8LuiyHOokWZlByaU7HPAhMU9a3TD6Eq3V7O9O&xkcb=SoBT67M39QgfgIQ2050ObzkdCdPP&fccid=201e4b212254a98f&vjs=3,Data Scientist,Boise,ID
187,Sr Data Scientist,Dexcom,100000.0,https://www.indeed.com/rc/clk?jk=fda34d33a877d24a&bb=mgycfPK9_NGSFxIddebKut1Hhm7HezB9f01rTnlgG9ZcoecYI6Mf6OlN6i8tiTNfFlBDNLdT0VUW5cRvgib7u7K3vChl3bsJ4rhNhqoX5qj2zivw2WzlWNrQK6pwLFxV&xkcb=SoDO67M39QgfgIQ2050NbzkdCdPP&fccid=57e4f1a84f2d849b&vjs=3,Data Scientist,San Diego,CA
188,Data Scientist - Full Scope Poly,Momentum,0.0,https://www.indeed.com/rc/clk?jk=0b836d25ff4ea758&bb=mgycfPK9_NGSFxIddebKusXW6WrTn3guS1rJ5qwrAQxdcpMxVXvApHhFBa0ryZS7mE6A1d17ctC0Lb7PhVvYHVKNww8xaQfJ8zrF0CVzqVzNefGxr9L6cg%3D%3D&xkcb=SoB667M39QgfgIQ2050MbzkdCdPP&fccid=53b217ceadb8368f&vjs=3,Data Scientist,Hybrid work in Tysons Corner,VA
189,Data Scientist,Boston Children's Hospital,70000.0,https://www.indeed.com/rc/clk?jk=19343263fb836cdb&bb=mgycfPK9_NGSFxIddebKuqcoGNTI2efbebfnT83JWGLx8DtL1WLI0bCoUFBkJclQCY_joBgIBK8lmPCGC5T5EHg2X35pl834HBxRCsrh78jlpgCQY-ga6A%3D%3D&xkcb=SoCT67M39QgfgIQ2050DbzkdCdPP&fccid=847fa4d5cb464f5a&vjs=3,Data Scientist,Hybrid work in Boston,MA
190,Database/Data Scientist,"Goldbelt, Inc.",0.0,https://www.indeed.com/rc/clk?jk=70c6a311a1d2bdf2&bb=mgycfPK9_NGSFxIddebKuoofSPV-S1ND1ymp1gmPtw-dk-_ToWLin10XWo_mn-ck-B-bFqLYsmFcBh5S8JwvXx0mg3Ldak892vYZqnRsicxRuTMJ8SEG5Niq-9DhD7Pp&xkcb=SoAn67M39QgfgIQ2050CbzkdCdPP&fccid=f7f5ab591aa9143d&vjs=3,Data Scientist,Fort Detrick,MD
191,Distinguished AI Engineer,Acadia Healthcare,70000.0,https://www.indeed.com/pagead/clk?mo=r&ad=-6NYlbfkN0Ckete7Q8aG7c1D1bunFL372sD8epYr7tY5aU3iL6FQ1UV1GshXybm6ayLKXgAnPSj0CpW9VX1CmXz5Ly6-PKgbbQDu-ay6ratJJCkyfOFM4Hlw54Fp7QjyFFvofhjwKjNrIZ8vCKuCpXsy_cY65cxEJfA7-ueESrD_qrDMoZCheZYqpE0h_vMv-4YsRCcVsD-eD0eXW-qPXl7ggGXYi_ifJzdaxYbgXeVOcppaPzgZJGxcruvjnOUybQmJfhvKVcWw2QoUnQFNTBAvdkv5YBDbKoy5fSqx8DKAmqg2pPrzJHofN_dLM3UJZfqYi7LtBmoNGAWTcEE4LkmWX1SvejlaM-9qBfG7caDiqEBaeviWNP6_jKHoru20QHtCq0slMM0Q35uZ0rxk30UNZkYl25GHgDZsjUzUPkDY3pMKzAPNWOxtK9ngwf1TWswJx02HqFeC_jsqJNlD7TSLC0R-Zd_yxtAtTxMLVnAZq39gcX7AJa31xolgsulj9y8iXAv9hkcJlI7AXrFfit7jOksfOwpZ7-lL6mDA2EuSEcFNNZURUwtQzSVT50G7An-K4RgTyzv1kP410tKnuzh-zU1Eouk8sFn8QrarVWge32Zh9u-k9MhIO7msqPpBZyL6aqFjTmahUWe7dn11ShOX8kY8q1cIgNlkazPbrxhD7oGfTmMevSZr6fBFyheAZKMouabqvsTIz1T9SmDeTPacjJe6_GkaV0cvVnC59fSEdZaGLoTNJwz0l9T0u8ORZXKFLNizpdRt3f9_bQxVWwnbO_SxUDIB0XrIjk-XE4G6TtNZp6XZ_9fsuxTS3nmvU05m1UfGOFflpCIXLzIOe8WMwbqx3LvZxkbTo4on5hWFCn_6eZPBGX48wxGoL-FkxefS_oB-Jh6-fi8MnwKSYpuA_wn-8Cwz&xkcb=SoBO6_M39QgfgIQ2050BbzkdCdPP&camk=CPChkbYSGj-8UgVmV5OYaQ==&p=10&fvj=0&vjs=3,Data Engineer,Franklin,TN
192,Data Scientist,SRS Distribution - McKinney,84000.0,https://www.indeed.com/rc/clk?jk=f77e0aa534aab868&bb=mgycfPK9_NGSFxIddebKuqcoGNTI2efbanhBQleWhTgdJA-QTbY_lA7Pa0eGBd1NVvCqUnoQCVrNM7ASHnX96oTFQ8DWunbioEwbjDFVH7wwep4sbCvLP0a3PmdlKpfy&xkcb=SoAO67M39QgfgIQ2050AbzkdCdPP&fccid=44a2b29da094d04b&vjs=3,Data Scientist,McKinney,TX
193,Data Scientist for Enrollment Management,California Institute of Technology,70000.0,https://www.indeed.com/rc/clk?jk=d623d7bfa7c8ad63&bb=mgycfPK9_NGSFxIddebKusJyzaOevSxQnYmQfkuX7nu9rV4I4Ngt6hLax74xybtiqcP6df9aPcBRLbRAnnAO3HqO6CORZp_v3IVhek72-bRxYfLtjnWOeQ%3D%3D&xkcb=SoCA67M39QgfgIQ2050HbzkdCdPP&fccid=3f13ab783077a3af&vjs=3,Data Scientist,Pasadena,CA
194,Data Scientist - Credit Risk,Associated Bank,70000.0,https://www.indeed.com/rc/clk?jk=10657d1693bae301&bb=mgycfPK9_NGSFxIddebKum43gNmNJwHC-XnQxH40sjfb2o5syatounQj8uPDY2y9Fv4Q3YWzASF6t0VGZ2CreT17LytE0DL91VFyNXtRvoopJa07mb4zEw%3D%3D&xkcb=SoA067M39QgfgIQ2050GbzkdCdPP&fccid=c0386215ca040126&vjs=3,Data Scientist,,
195,Senior Data Scientist,"Xilis, Inc.",70000.0,https://www.indeed.com/rc/clk?jk=b6f9af7e6f3c2956&bb=mgycfPK9_NGSFxIddebKuss_tffyYem6zlzL88SD0164wrtPKA2QOrk5bGS0j4YQZE8kU5ZmXTZxltUtAW8W14zYjENhAE3JMNCn7EXJIwopQsDJf4VWHhHiWeNYvsIx&xkcb=SoCp67M39QgfgIQ2050FbzkdCdPP&fccid=0043ae875cc9c558&vjs=3,Data Scientist,Durham,NC
196,"Sr. Manager, Data Scientist",McKesson,70000.0,https://www.indeed.com/rc/clk?jk=844413413812693a&bb=KqSJtRSPTb1Ty_V1DGpRWmhjqqYX7fLAqdJ-FXRuZXgAMOtxKHNA4N0GMFnG_lLHoOwzVgwraiMpcKg8vhotXsmqUFSlVGf9YXDKOpzTIWY3ANVAGNeGEw%3D%3D&xkcb=SoCj67M39QgfdlQ2250LbzkdCdPP&fccid=a7c5036618407010&vjs=3,Data Scientist,Remote in Irving,TX
197,Senior Data Scientist (New York),The Voleon Group,70000.0,https://www.indeed.com/rc/clk?jk=a76b33c6fed55801&bb=KqSJtRSPTb1Ty_V1DGpRWlt61FPvYrrBCmUsqBw4IkmWzY0lJ_PVPED-WPvBgIyXnjsVrbzFxsqIKy_6lBvpvGvjNhX8k71W9R_N9bsQBSn87G0EucY8jJRjO9BtRthj&xkcb=SoAX67M39QgfdlQ2250KbzkdCdPP&fccid=e04b4ada5efedab6&vjs=3,Data Scientist,Hybrid work in New York,NY
198,Contract Data Scientist,Sarepta Therapeutics,70000.0,https://www.indeed.com/rc/clk?jk=21ed00a315415445&bb=KqSJtRSPTb1Ty_V1DGpRWtB8D8Jaau4kHOWLTV7FtaDRoiqOObB5UFK9X2WT6b2fqUDuYVjc8pXpWq0hLmQHuftmgsOENF0Pz4jNWwNpo0XyWUt4CK27pNdWKwM7bnsL&xkcb=SoCK67M39QgfdlQ2250JbzkdCdPP&fccid=34683f542edec3be&vjs=3,Data Scientist,Remote in Cambridge,MA
199,Statistical Programmer ONSITE,Maxis Clinical Sciences,0.0,https://www.indeed.com/rc/clk?jk=4a01247d4798657b&bb=KqSJtRSPTb1Ty_V1DGpRWgAADkZ5EqW3t2IuNCajNZ8LcshbWQHLnsaAI2KR2hfARGSx6Eeu7Ke8G-SuHboxE2Ft7qRw50rAxCcPNxr2hYZ4MKIsAyGRVT4DHUn1gFf-&xkcb=SoA-67M39QgfdlQ2250IbzkdCdPP&fccid=1a7517c5fc97a186&cmp=Maxis-Clinical-Sciences&ti=Programmer&vjs=3,Other,Jacksonville,FL
200,Data Scientist,Booz Allen,0.0,https://www.indeed.com/rc/clk?jk=e9d6f6da84277a40&bb=KqSJtRSPTb1Ty_V1DGpRWr1ctF-e6WA8sclg6m7gC8Kywyjwtod4X7FiFjgU06XtNXW5q13_sGFYUJNOL_mr96XCMwhzmbVFOR-V1U-D9AsOICUR7gDWw-Lhfymyz9lM&xkcb=SoCw67M39QgfdlQ2250PbzkdCdPP&fccid=4e041af1d0af1bc8&vjs=3,Data Scientist,Arlington,VA
